region,name_0,calc_id,homeless_10,homeless_20,homeless_30,homeless_40,homeless_50,homeless_100,homeless_200,homeless_250,homeless_500,homeless_1000,sheltered_10,sheltered_20,sheltered_30,sheltered_40,sheltered_50,sheltered_100,sheltered_200,sheltered_250,sheltered_500,sheltered_1000,protracted_10,protracted_20,protracted_30,protracted_40,protracted_50,protracted_100,protracted_200,protracted_250,protracted_500,protracted_1000
Africa,Algeria,99964321,113865.2813,209936.8281,287648.7133,352625.4063,410509.875,648950.5625,975916.0625,1127702.125,1619331.25,2188825.75,8679.704434,19135.60191,28805.26495,37880.80933,46835.79488,84258.78791,142143.2498,173178.0524,259293.7128,397253.0697,992.5771841,2458.874309,3969.344325,5351.728326,6719.1427,12757.98417,23525.24327,28506.24578,48776.72144,84955.9639
Africa,Angola,99964344,8.58E-09,8.58E-09,8.58E-09,6.854376316,65.44029236,1207.056152,4521.341797,6018.047852,13329.98438,28089.46875,3.04E-08,3.04E-08,3.04E-08,0.000602825,0.011806145,0.493941615,2.764821462,4.253429549,12.81941403,34.85581902,2.10E-08,2.10E-08,2.10E-08,0.001095022,0.027227815,1.666725575,11.17340668,17.95406844,66.32155542,187.8484844
Africa,Benin,99964345,8.87E-07,8.87E-07,8.87E-07,8.87E-07,8.87E-07,8.87E-07,8.87E-07,8.87E-07,210.6890106,3594.407959,1.03E-07,1.03E-07,1.03E-07,1.03E-07,1.03E-07,1.03E-07,1.03E-07,1.03E-07,0.291202227,13.83000101,2.25E-08,2.25E-08,2.25E-08,2.25E-08,2.25E-08,2.25E-08,2.25E-08,2.25E-08,0.102298754,5.91674076
Africa,Botswana,99964326,2.96E-39,2.96E-39,2.96E-39,2.96E-39,0.085959174,15.15166378,98.05434418,161.3005829,522.4212036,1461.739258,1.39E-06,1.39E-06,1.39E-06,1.39E-06,0.000107023,0.039670423,0.427923038,0.767409245,4.036577309,13.33495491,2.90E-08,2.90E-08,2.90E-08,2.90E-08,3.08E-06,0.004998719,0.082586651,0.163796566,0.910494253,3.73356294
Africa,Burundi,99964327,512.0939331,10432.14941,24891.13221,39111.32813,54020.98828,117831.2031,214178.6406,252060.7031,409126.7813,631747.8125,2.317141117,204.4334658,833.6617901,1711.027997,2749.852951,9590.480717,24539.89169,32319.67269,75700.27172,155181.8575,0.464160502,32.37890506,114.9782767,224.8039405,361.0238366,1166.488631,3062.628677,4152.118124,8888.968545,17134.95386
Africa,Cameroon,99964346,5.59E-08,5.59E-08,5.59E-08,5.59E-08,1.92E-05,106.3425751,1067.834717,1738.793945,5679.057617,12311.6709,8.50E-08,8.50E-08,8.50E-08,8.50E-08,4.38E-07,0.110246273,2.034414161,4.155406,19.8830388,75.65558843,4.62E-09,4.62E-09,4.62E-09,4.62E-09,2.83E-08,0.01423754,0.313046492,0.628218697,3.44814321,11.7743152
Africa,Comoros,99964328,3.47E-05,3.47E-05,3.47E-05,3.47E-05,3.47E-05,3.47E-05,3.47E-05,3.47E-05,3.47E-05,0.062439699,7.09E-08,7.09E-08,7.09E-08,7.09E-08,7.09E-08,7.09E-08,7.09E-08,7.09E-08,7.09E-08,1.01E-05,1.57E-08,1.57E-08,1.57E-08,1.57E-08,1.57E-08,1.57E-08,1.57E-08,1.57E-08,1.57E-08,1.05E-06
Africa,Congo,99964348,4.30E-08,4.30E-08,0.633215028,33.85108185,126.21595,943.3154907,2664.883545,3339.964844,7679.288086,13506.69336,4.47E-08,4.47E-08,0.000101472,0.028106607,0.207549632,4.498102223,24.64196485,36.05366308,114.2678145,284.4066478,6.70E-09,6.70E-09,1.33E-05,0.003325856,0.019707809,0.373228514,1.912817544,2.8857791,8.880787646,24.14544225
Africa,Djibouti,99964329,274.1300354,2189.713379,4759.680558,7335.112305,9873.286133,20753.49219,37282.71875,42763.56641,65022.28125,93832.99219,0.273054772,4.002852615,11.24546749,20.56345136,30.31904682,85.17237546,203.4486769,258.5206562,499.9993951,903.6619033,0.046261781,0.910789311,2.758736959,5.301044111,8.320051525,25.88302093,60.71087919,76.45486971,156.2715337,301.8315789
Africa,Egypt,99964322,1008.02887,8367.217773,36954.21734,89914.1875,148822.2031,403026.9063,718018.8125,837442.25,1278472.25,1717800.5,24.03916518,317.3017991,1456.127516,3766.17531,7112.78686,26803.29715,67479.09785,81569.87859,148543.3201,249376.9173,1.033570944,21.83292709,144.9123207,479.4725479,992.5457814,4559.305056,12702.94279,16078.65632,33448.80571,62445.09219
Africa,Eritrea,99964330,195.1744537,1740.409302,3957.354067,6194.183594,8604.269531,19914.56641,37153.875,45142.69922,75525.88281,116833.8906,0.358972057,7.883828969,24.86230033,49.13595313,79.83593995,269.392573,735.6411505,966.7280671,2052.764858,4087.204365,0.109616206,2.418982182,7.526160199,15.10932444,24.58798511,81.667565,226.9732094,303.0419018,652.0713888,1176.091701
Africa,Eswatini,99964363,2.14E-12,2.14E-12,1.11E-06,0.011161711,0.127677351,4.631937027,38.40647507,68.13955688,312.569519,787.491333,1.13E-06,1.13E-06,4.17E-06,2.53E-05,0.000158237,0.013007226,0.181597958,0.325424375,1.867299233,7.702889538,3.39E-08,3.39E-08,1.19E-07,8.23E-07,8.37E-06,0.001319183,0.024469116,0.053498255,0.433317968,2.029034362
Africa,Ethiopia,99964331,15684.74023,36249.85156,54399.83163,70676.73438,85630.6875,142502.0156,231370.3438,260694.9531,386914,533947.5625,134.3186612,463.8039933,843.5521323,1220.874068,1593.343627,3562.386154,6653.999742,8072.413459,13869.22064,25148.67612,56.71237975,196.3728702,361.8618143,541.4159172,714.3723534,1580.597281,3230.828599,3970.330628,6870.853516,11813.59487
Africa,Gabon,99964350,1.70E-43,1.70E-43,1.70E-43,1.70E-43,1.70E-43,0.115786545,20.18898964,38.55857468,274.8717346,1410.503418,5.46E-06,5.46E-06,5.46E-06,5.46E-06,5.46E-06,0.000469059,0.216204202,0.454245547,4.96794781,26.32312172,1.87E-08,1.87E-08,1.87E-08,1.87E-08,1.87E-08,3.21E-06,0.005846726,0.016618773,0.185169284,1.820622284
Africa,Gambia,99964351,4.68E-07,4.68E-07,4.68E-07,4.68E-07,4.68E-07,4.68E-07,4.68E-07,4.68E-07,4.68E-07,0.125197351,2.34E-07,2.34E-07,2.34E-07,2.34E-07,2.34E-07,2.34E-07,2.34E-07,2.34E-07,2.34E-07,1.23E-05,3.75E-09,3.75E-09,3.75E-09,3.75E-09,3.75E-09,3.75E-09,3.75E-09,3.75E-09,3.75E-09,1.15E-06
Africa,Ghana,99964352,3.26E-07,3.26E-07,3.26E-07,2.593729496,585.8884888,11651.70117,35901.68359,47913.23828,93246.42969,162802.4375,1.12E-07,1.12E-07,1.12E-07,0.000731563,0.600645343,29.69365302,145.2070349,204.7496684,550.1679811,1376.791859,6.84E-09,6.84E-09,6.84E-09,7.14E-05,0.134091884,11.12449696,60.33965427,87.41497529,244.8226755,706.3858769
Africa,Guinea,99964353,6.05E-08,6.05E-08,6.05E-08,6.05E-08,25.00572968,1490.01001,5961.056641,8092.187012,17061.3418,29491.39844,7.46E-08,7.46E-08,7.46E-08,7.46E-08,0.016580943,3.771547039,25.42401692,42.61473807,118.743756,303.0071723,1.11E-08,1.11E-08,1.11E-08,1.11E-08,0.00367401,1.196068293,8.959961775,14.5144722,43.42372824,120.1050946
Africa,Kenya,99964332,1072.410278,6530.109863,14180.00558,22883.17578,30775.09961,64623.77734,122040.9609,142447.7344,223303.2031,335111.6563,1.777555455,20.40615036,53.77384913,98.43984933,146.9371062,420.3724216,1077.674332,1370.658445,2950.965268,5514.678461,0.259631911,3.382011666,9.709463012,18.73923803,29.94398529,101.0972895,260.760349,349.2665327,736.3966085,1210.301082
Africa,Lesotho,99964364,4.15E-08,4.15E-08,4.15E-08,4.15E-08,4.68E-05,96.56771851,706.5372925,1144.402344,3068.467041,6635.221191,6.65E-08,6.65E-08,6.65E-08,6.65E-08,4.55E-07,0.09535618,1.699992399,3.164317352,14.23080515,45.71778843,6.52E-09,6.52E-09,6.52E-09,6.52E-09,5.18E-08,0.013692277,0.28050974,0.503565233,2.301950267,8.115445413
Africa,Liberia,99964356,5.88E-07,5.88E-07,5.88E-07,5.88E-07,5.88E-07,5.88E-07,13.56555843,105.7124329,1675.130371,5701.088867,9.96E-08,9.96E-08,9.96E-08,9.96E-08,9.96E-08,9.96E-08,0.01014526,0.165106533,7.820460538,52.27166451,1.94E-08,1.94E-08,1.94E-08,1.94E-08,1.94E-08,1.94E-08,0.002344926,0.036961681,1.678806598,14.14471497
Africa,Libya,99964323,1.610671997,120.735527,444.6524643,947.614624,1681.569336,6102.040527,15077.71289,18994.24609,36630.85938,61709.10547,0.009872799,1.73627016,8.330164777,21.31453462,38.20312676,175.9416246,566.4554948,791.0273365,1855.657748,3863.683146,0.000131241,0.061089226,0.394008557,1.127585317,2.501367816,15.34540176,64.00454363,88.56480787,251.5438691,553.6293879
Africa,Madagascar,99964333,405.8589172,1994.565063,3626.629178,5276.920898,6861.935547,12807.80176,21411.39063,24798.40625,38912.03516,55033.94141,1.012427051,11.27542818,27.78504818,48.46996191,70.85426727,193.3798543,458.1158591,568.0930922,1063.679841,2033.917093,0.081960903,0.859529285,2.153449414,3.716148418,5.442521371,14.94681328,34.2041044,44.24654942,85.57681414,139.0227334
Africa,Malawi,99964334,14012.77344,34935.83984,52700.4486,67408.78906,81196.80469,140974.1563,230461.1719,262736.0313,405169.0938,580179.0625,171.1301863,725.5219508,1372.236199,2129.648071,2822.664875,6363.209848,13040.53338,16410.42822,32640.69795,55641.49438,9.200749562,38.3306438,72.10128657,107.7413663,142.5184673,329.5088809,665.7246489,876.4258455,1592.10439,2777.416409
Africa,Mali,99964357,1.09E-07,1.09E-07,1.09E-07,1.09E-07,1.09E-07,1.09E-07,141.7734985,533.3098145,3482.929688,8164.59668,6.12E-08,6.12E-08,6.12E-08,6.12E-08,6.12E-08,6.12E-08,0.210986881,1.194828668,19.54942757,66.10296954,2.31E-08,2.31E-08,2.31E-08,2.31E-08,2.31E-08,2.31E-08,0.060326503,0.3439337,6.66703158,28.65067414
Africa,Mauritania,99964563,1.85E-34,1.85E-34,1.85E-34,4.52E-07,0.01549537,10.93509579,153.7457275,255.5352325,853.0613403,2064.125732,9.57E-08,9.57E-08,9.57E-08,5.06E-07,2.64E-06,0.005476439,0.138072204,0.278686966,1.250362879,4.054813362,1.26E-08,1.26E-08,1.26E-08,7.22E-08,3.84E-07,0.001393536,0.058367077,0.119348914,0.670622873,2.399629936
Africa,Morocco,99964324,21951.33008,48160.85938,70183.97091,89684.11719,106995.0156,176024.4063,267197.4688,307658.5625,430891.5938,556429.4375,61.12041339,180.8630007,302.0167812,434.1261656,554.4022836,1103.734693,1937.34249,2316.762868,3732.747915,5830.897116,18.33200686,61.77295302,106.9642737,155.3086477,203.2630986,438.7974371,849.9961582,1022.001527,1836.79025,2846.972416
Africa,Mozambique,99964335,6466.088867,14248.57715,20814.8561,26219.42578,31515.53906,52438.8125,81862.11719,95055.26563,142182.6563,186588.9531,23.44268387,74.79393515,139.9808221,207.6029748,274.9804045,610.0313157,1181.289337,1443.730357,2414.564302,4250.327393,16.72355377,52.65675239,94.75121527,138.0401504,188.9384875,397.6155221,745.1049677,903.7664926,1670.065468,2626.511724
Africa,Namibia,99964358,1.72E-11,1.72E-11,0.63045289,5.085505962,12.25528336,57.04830551,191.2727966,271.54776,868.4842529,2035.681885,1.11E-06,1.11E-06,0.000985875,0.012657603,0.039995148,0.32614117,1.405789456,2.323424578,8.218131739,25.12057187,4.98E-08,4.98E-08,9.60E-05,0.001729724,0.006197291,0.067393427,0.358833061,0.61368414,3.219973433,10.57991991
Africa,Nigeria,99964359,1.00E-07,1.00E-07,1.00E-07,1.00E-07,1.00E-07,1.00E-07,242.4727173,1258.622803,15041.02734,43215.26563,9.08E-08,9.08E-08,9.08E-08,9.08E-08,9.08E-08,9.08E-08,0.222801927,1.857645261,45.09014367,220.1945452,1.57E-08,1.57E-08,1.57E-08,1.57E-08,1.57E-08,1.57E-08,0.112111215,1.179187341,38.76308842,217.7757598
Africa,Rwanda,99964336,1062.276001,11438.54883,22882.27695,33457.53906,43545.53906,87753.5625,151092.5156,175862.3906,275823.2813,426330.0313,2.720377893,71.7190777,210.3248126,374.3521119,557.3372148,1551.44526,3774.009376,4811.99412,9494.479965,18212.08957,0.406232375,11.15439865,33.27994503,59.14355717,88.3947176,252.0873781,598.8792171,792.7333617,1556.836639,2688.108894
Africa,Senegal,99964360,2.70E-07,2.70E-07,2.70E-07,2.70E-07,2.70E-07,2.70E-07,1.822158694,26.2864666,468.2897034,2120.162842,8.36E-08,8.36E-08,8.36E-08,8.36E-08,8.36E-08,8.36E-08,0.000421665,0.013931268,0.688164826,6.24865688,1.89E-08,1.89E-08,1.89E-08,1.89E-08,1.89E-08,1.89E-08,0.000238301,0.005798357,0.362431178,3.434585106
Africa,Somalia,99964337,21.50319862,212.5343475,493.658052,822.9650879,1149.703613,2791.827148,6412.187012,8534.671875,18494.62109,35399.96875,0.017591931,0.509515933,1.793559228,3.614260389,5.998070286,23.28398795,78.60510206,112.1965897,324.8773633,1004.734928,0.00106287,0.026976066,0.089457823,0.191943152,0.323776124,1.286520194,4.110810153,5.683145349,15.955612,41.14214253
Africa,Sudan,99964339,7.17E-25,7.17E-25,7.17E-25,7.17E-25,7.17E-25,7.61E-06,1.691742539,7.586845398,236.9677734,1303.395508,6.89E-08,6.89E-08,6.89E-08,6.89E-08,6.89E-08,3.85E-07,0.000550842,0.003522025,0.296870396,3.214712041,1.62E-08,1.62E-08,1.62E-08,1.62E-08,1.62E-08,9.53E-08,0.000122842,0.001189056,0.111427064,1.287523758
Africa,Tanzania,99964340,23234.82227,43081.6875,59178.46175,72697.91406,84619.74219,130251.4063,187273.4219,212755.0469,291675.5,399413.4375,200.314738,486.3092868,774.0925293,1072.131066,1357.426777,2538.87918,4303.591431,5157.910477,8666.258905,13045.54605,28.42776164,72.1964217,116.0041506,156.2875319,197.5332491,391.7940936,721.2050934,846.0243442,1368.458658,2191.248225
Africa,Togo,99964362,3.84E-07,3.84E-07,3.84E-07,3.84E-07,3.84E-07,3.84E-07,240.9786224,980.2410889,8090.579102,24032.7793,7.10E-08,7.10E-08,7.10E-08,7.10E-08,7.10E-08,7.10E-08,0.377281217,1.930831447,47.90110726,229.1072766,3.37E-09,3.37E-09,3.37E-09,3.37E-09,3.37E-09,3.37E-09,0.029356777,0.194736861,4.51062934,21.33058646
Africa,Tunisia,99964325,5938.503906,16330.37207,26018.47965,35529.61328,44325.96484,82151.94531,144104.25,165076.5469,260066.0313,419411.6563,239.3238407,947.4326873,1770.672679,2568.392132,3451.794235,7859.247136,16184.80294,21074.49434,38873.11808,67220.69487,4.759746707,22.97872953,46.91645854,74.85432527,103.5881569,263.1318457,559.6344684,745.1400506,1480.513531,2964.893192
Africa,Uganda,99964341,22007.7207,48253.26563,69025.18186,87532.07813,104362.7422,172218.4063,271714.7188,312182.75,466895.8125,651576.25,206.5279337,689.854822,1208.554445,1706.358874,2221.707538,4580.212844,9072.811151,10507.25751,17916.57611,30314.85914,29.61819787,99.28537434,176.4828998,256.3774115,333.4705328,728.5495372,1351.6278,1614.768593,2953.442767,5229.086595
Africa,Zambia,99964342,3552.450928,7899.209473,11529.90439,14905.61621,17568.03906,29670.19141,46722.14453,52462.92969,76613,113143.2188,4.136318307,13.33233851,23.16109314,33.88155316,44.65958513,92.81404925,174.3690134,219.2380161,373.4798838,608.4449361,7.769951966,26.75775052,47.74166282,69.36255041,93.08893369,199.4190557,381.506996,468.9109469,869.1268098,1444.246134
Africa,Zimbabwe,99964343,221.5004578,1216.892334,2228.252031,3234.739258,4149.555664,8271.147461,14496.55762,16767.08594,25309.98242,38406.70703,0.293067033,3.169525335,7.884670356,13.40541438,19.64052122,52.58446497,116.6324349,159.3548938,305.1447816,533.3593175,0.046808752,0.562865678,1.40300009,2.44969905,3.690397294,10.32985601,23.66958697,31.40170697,62.40872753,111.2763967
Caribbean_Central_America,Anguilla,99964370,8.93E-13,5.86E-06,0.002065174,0.191209033,0.95881176,23.04146957,136.0876007,217.7487793,595.9453125,1021.058533,,,,,,,,,,,5.39E-09,2.01E-08,1.27E-07,2.15E-06,2.23E-05,0.00185559,0.021787236,0.042979747,0.189470836,0.607304203
Caribbean_Central_America,Aruba,99964372,5.53E-08,5.53E-08,5.53E-08,0.000209672,0.074656695,28.56344032,233.4859772,420.8116455,1408.765259,3222.861084,6.14E-06,6.14E-06,6.14E-06,5.09E-05,0.000380801,0.281584072,3.17314056,6.300582748,25.96756521,77.84186386,5.39E-09,5.39E-09,5.39E-09,4.37E-08,4.47E-07,0.002176392,0.052662457,0.113931835,0.703222969,2.622794265
Caribbean_Central_America,Bahamas,99964373,2.80E-08,2.80E-08,2.25E-06,4.97E-06,6.33E-06,3.40E-05,0.082157381,0.254119039,1.925378323,7.705075741,1.86E-06,1.86E-06,6.80E-06,1.38E-05,2.06E-05,4.88E-05,0.000146277,0.000386955,0.004343627,0.022935582,1.63E-08,1.63E-08,6.18E-08,1.28E-07,1.87E-07,4.53E-07,1.79E-06,8.94E-06,0.000218621,0.001209048
Caribbean_Central_America,Barbados,99964374,3.94E-08,0.549608946,44.21984986,214.2577515,485.912262,3429.187256,11179.69531,14797.91211,28270.51563,49974.28125,4.90E-06,0.003113945,0.551953929,3.392988923,10.13293492,89.07795643,417.0159976,572.3959913,1378.194294,2917.893798,5.49E-09,9.69E-06,0.004084816,0.041824801,0.136368589,2.070249252,11.24916901,18.07801066,49.8159727,108.0256692
Caribbean_Central_America,Belize,99964375,2.026987553,47.63805008,144.5002125,269.922699,400.7516785,1071.478394,2492.722412,3021.158691,5363.975098,8317.837891,0.004559555,0.208068021,0.800441399,1.716914179,2.908183124,10.62424782,29.20805637,38.08643177,80.84820702,159.996251,0.000183333,0.015224073,0.071527478,0.181183336,0.317471877,1.507601191,4.650558181,6.119033888,14.21969897,29.87924717
Caribbean_Central_America,Cuba,99964379,727.3912354,4960.127441,10142.95278,15723.07031,20934.58398,41466.21094,68767.71094,80181.33594,113866.6016,158878.8438,0.754976107,8.658096738,22.83814049,39.8017607,57.81403239,148.867456,317.361966,384.8951138,691.685987,1138.645679,0.18370558,2.851764752,8.423196596,15.46150152,23.44150344,69.73067994,153.76153,190.3178954,345.0065231,579.8568368
Caribbean_Central_America,Dominica,99964380,3.75E-08,0.002219939,1.866871512,13.47816181,39.56285477,401.397522,1634.940308,2277.276123,5269.475586,9160.126953,4.67E-06,0.00011694,0.013992302,0.136000827,0.522536188,8.562030564,43.99590489,67.07015231,208.8127202,447.6789906,5.39E-09,1.36E-07,4.85E-05,0.00076434,0.003503893,0.097628896,0.739356266,1.158655225,4.387254549,11.00631328
Caribbean_Central_America,Grenada,99964382,1.62E-07,8.63E-05,0.337018927,5.922464848,21.93240166,377.6029663,1765.899658,2487.292725,6768.104492,12946.78906,4.41E-06,4.23E-05,0.001744839,0.050842248,0.258614806,7.930630816,56.08805319,85.78988255,304.7293086,693.9164398,5.44E-09,5.59E-08,4.71E-06,0.00026485,0.001622062,0.087159802,0.842736666,1.38910054,6.109697151,16.21908936
Caribbean_Central_America,Guadeloupe,99964383,3.45E-07,13.34414864,221.4634069,732.7106934,1436.762451,6483.130859,18067.09375,23015.74609,43868.27344,72837.35156,7.82E-06,0.10193017,2.186715166,8.100424387,18.41813789,103.15643,319.9725911,412.1340465,916.0429872,1665.691965,,,,,,,,,,
Caribbean_Central_America,Guatemala,99964384,80563.53125,182987.5625,281509.2492,366754.4063,445673.6563,789134,1261747.125,1481170.5,2181090,3198218.5,1827.201837,5262.525908,9090.567087,12860.82962,16695.82747,35582.30873,66671.66751,80722.04975,135048.0944,206925.1027,569.0573837,1936.045037,3581.590531,5385.715978,7222.999855,15995.28003,34255.69118,43585.73591,81891.28432,152088.6534
Caribbean_Central_America,Haiti,99964399,11513.79492,66190.07813,125516.2694,181186.5156,241450.2188,498905.1875,834505,964400.5,1349746,1680334.5,18.66301055,215.1940848,542.0609849,968.0384931,1434.876714,4004.254307,9258.587828,11347.86735,19862.78006,33243.52507,31.14901528,374.2915967,1003.828199,1775.833683,2695.252386,7679.931901,17682.6841,21411.27034,37694.26953,65051.39243
Caribbean_Central_America,Honduras,99964385,19257.14648,44034.16797,65398.32122,85313.53125,101954,176376.0938,284102.5,317885.6875,466160.5938,760464.5,21.48696954,67.47245585,119.9274193,175.030015,231.482062,505.8214076,975.2915023,1176.107551,1991.636064,3376.021638,73.94264725,260.3643288,477.4988945,697.7703296,934.1655568,2146.665328,4309.225279,5387.003466,10180.18295,17648.15571
Caribbean_Central_America,Jamaica,99964386,0.048555959,357.8191833,2845.795479,7046.858887,12708.99512,43041.41797,93485.96094,112415.75,189898.8906,300186.1875,1.52E-06,0.075803745,1.023039222,3.113892942,6.630380184,32.79626867,92.5055167,121.5387426,241.4845566,423.2158606,9.16E-07,0.233907539,4.349079815,16.36406537,35.32708649,217.2666444,707.3083262,989.9722765,2310.26133,4801.479423
Caribbean_Central_America,Martinique,99964387,3.73E-07,1.197647452,64.5537225,261.5851746,626.7988892,3705.715576,11155.70117,15355.22656,30959.55078,49254.41797,7.35E-06,0.006931714,0.519080307,2.620468068,6.780617582,48.85459655,184.3218906,253.5659198,553.2578044,1117.438319,,,,,,,,,,
Caribbean_Central_America,Montserrat,99964388,1.20E-07,2.05E-06,2.43E-05,0.00072787,0.040911287,5.183222294,50.83222961,75.73853302,224.9680328,693.5548096,,,,,,,,,,,5.39E-09,1.42E-08,6.14E-08,1.34E-07,2.39E-07,0.000204436,0.005161755,0.01063487,0.055064673,0.207427385
Caribbean_Central_America,Nicaragua,99964389,23046.87109,59868.98828,95652.05283,127185.5313,155879.2813,273681.125,429897.375,499835.8125,731280.1875,1043044.25,24.3025238,86.6974528,163.6617822,246.6790776,330.0028782,705.5183599,1392.454855,1685.219703,2899.861295,4618.648206,93.22276436,392.9996953,769.3434482,1153.632661,1566.26486,3656.598523,7406.152824,9383.438647,16888.3826,32196.8674
Caribbean_Central_America,Panama,99964390,5746.657715,14576.97461,22872.81505,30833.55664,38747.86328,76132.27344,145772.0625,178010.2188,288656.6563,419746.9063,28.81754768,88.60694669,156.0412744,221.1013143,288.8013244,609.2574146,1194.464461,1442.558144,2745.775044,4968.475516,13.30639011,51.77771031,105.8189898,162.1637706,227.2676478,618.4490964,1502.626524,1946.633313,4731.308033,8508.631205
Central_Asia,Kazakhstan,99964400,7654.67334,28740.01172,55125.86194,85144.20313,119319.2656,285252.2188,582753.9375,715385.25,1170173.5,1603972.5,147.3239464,651.8651781,1365.1955,2242.233509,3239.560079,9133.763645,19905.25624,25210.78329,51244.56271,83090.22115,15.64455938,101.3342701,272.2439634,508.9934895,784.0827169,2751.789529,7417.301993,9441.765258,20434.84852,38824.76663
Central_Asia,Kyrgyzstan,99964401,18799.84375,44985.51563,69541.64034,92243.77344,113597.1328,197519.8594,319881.5625,367867,516604.9688,675064.8125,78.73427659,252.6966934,449.6490579,665.6404791,873.9410697,1921.808308,3653.754519,4464.871454,7436.669835,12507.96197,58.84925063,206.022258,390.4944577,600.6595691,812.9535547,1942.279631,4135.61253,5124.363482,8868.873795,14537.89966
Central_Asia,Tajikistan,99964402,33473.99219,70377.32813,102078.117,131720.1094,156186.7031,248338.8281,369895.375,414334.6875,549390.5,697163.3125,177.6240598,514.4864223,863.389417,1220.817424,1546.029526,3083.720281,5666.292633,6752.02073,10718.15628,16481.69599,156.9401217,478.1256952,820.5509451,1180.999611,1513.878234,3251.101708,6233.370265,7305.929327,12304.37392,18930.25637
Central_Asia,Turkmenistan,99964403,1497.13208,4641.680664,8126.927111,11484.21191,14745.83887,29904.62109,57334.85156,70956.15625,120559.9141,185887.625,37.1368522,150.5850164,296.4761046,462.0997549,650.1432422,1652.593352,3598.233298,4602.094879,7817.992658,16743.21296,0.606884359,3.248443112,6.936292575,11.31185422,16.28170641,48.66163336,124.9095946,167.8193838,368.5328635,716.9675218
Central_Asia,Uzbekistan,99964404,68123.21094,162904.8281,247094.3785,321445.625,382311.4063,641265.125,992657.75,1124569.125,1570756.75,2028863.375,243.7527594,779.6129285,1366.31957,1965.116949,2558.391378,5269.19108,9441.392524,11083.19446,18325.48106,27361.95995,490.1591196,1862.901871,3400.889313,4936.223248,6577.414178,14697.29341,29092.94564,35909.72736,59594.44835,93510.86856
East_Asia,China,99964405,469542.2188,881068.125,1216712.476,1494264,1729838.25,2658886.25,3846959.25,4231032.5,5590846,7662307.5,28366.28935,60031.87197,89349.02707,116383.1248,142330.0001,247551.8266,398267.8141,463528.9649,702341.0057,1009952.309,2005.552963,4906.175742,7910.966036,10823.13363,13654.20325,25909.71147,47996.08253,56442.94743,95147.22221,145486.041
East_Asia,Japan,99964604,155140.375,400789.0313,655212.5192,888073.1875,1146392.375,2049043.25,3066239,3426393,4726419,5809250.5,2572.591228,7133.385729,11926.26933,16803.69817,21354.22135,43551.83655,80523.78475,97061.44866,146990.6107,216767.5916,1433.473565,5292.28586,10556.6795,16711.3416,23023.72682,54181.54609,118601.5717,144528.0286,255145.4595,444756.9247
East_Asia,Macao,99964407,1.17E-06,1.17E-06,1.17E-06,1.17E-06,1.17E-06,1.17E-06,1.17E-06,1.17E-06,1.17E-06,0.00018974,1.03E-05,1.03E-05,1.03E-05,1.03E-05,1.03E-05,1.03E-05,1.03E-05,1.03E-05,1.03E-05,5.17E-05,3.80E-09,3.80E-09,3.80E-09,3.80E-09,3.80E-09,3.80E-09,3.80E-09,3.80E-09,3.80E-09,1.47E-08
East_Asia,Taiwan,99964414,78223.71094,132372.2031,162133.9106,187464.3906,210971.0469,289389.1563,418137.9063,493371.5625,758033.375,1007434.563,,,,,,,,,,,310.3231764,751.0943185,1121.84831,1479.927982,1786.330813,2975.572861,4787.701831,5485.064265,9159.615463,16284.72519
Europe,Albania,99964415,14156.66406,28555.92969,40998.29401,51843.38672,60495.0625,96914.59375,141803.7813,161148.5156,224970.0156,289701,568.5261062,1385.138243,2196.164967,2935.124959,3654.431484,6806.33805,11811.6279,14048.96569,23157.49773,33256.58847,36.75062404,110.1165816,190.8070645,268.9969906,345.7659714,697.4409754,1227.091023,1480.509942,2495.695959,4443.313578
Europe,Andorra,99964416,1.31E-33,1.31E-33,1.31E-33,1.31E-33,1.31E-33,1.43E-05,0.122836106,0.813926816,14.5967083,147.2986755,9.55E-06,9.55E-06,9.55E-06,9.55E-06,9.55E-06,8.10E-05,0.000801648,0.006050542,0.119202851,1.075114659,1.20E-08,1.20E-08,1.20E-08,1.20E-08,1.20E-08,1.03E-07,1.92E-06,3.94E-05,0.002282892,0.063781885
Europe,Austria,99964417,232.2491913,2132.796143,4821.044896,7649.290527,10795.77246,24937.42383,48637.14063,58306.02734,103615.5469,201997.3281,1.62413011,17.8559434,44.10535085,72.81469591,104.5298704,271.0202931,612.4460599,756.8162934,1497.372639,2768.135149,0.070286965,1.622312808,5.209641346,10.22586801,16.46792628,60.62780047,168.78818,237.529873,535.5749721,1315.910952
Europe,Belarus,99964418,2.16E-08,2.16E-08,2.16E-08,2.16E-08,2.16E-08,2.16E-08,2.16E-08,2.16E-08,2.16E-08,13.60185623,9.63E-06,9.63E-06,9.63E-06,9.63E-06,9.63E-06,9.63E-06,9.63E-06,9.63E-06,9.63E-06,0.123725078,7.59E-09,7.59E-09,7.59E-09,7.59E-09,7.59E-09,7.59E-09,7.59E-09,7.59E-09,7.59E-09,0.000503354
Europe,Belgium,99964419,6.45E-25,6.45E-25,4.640260431,249.257782,1131.112183,11930.39648,37924.76953,50159.16797,94923.94531,148622.3281,9.44E-06,9.44E-06,0.030266105,1.723869817,8.028211544,99.73917249,359.0926871,494.9245721,1182.802389,2169.336518,9.02E-09,9.02E-09,0.000275704,0.075188984,0.631457472,16.67571584,94.11945287,144.466158,393.2800686,941.5749912
Europe,Bulgaria,99964421,8250.342773,20637.30273,32156.1668,43083.16406,53633.20313,92771.57031,150552.8281,173103.4063,259827.6875,379027.9063,150.0334322,464.2942819,799.9367455,1131.58239,1478.417647,2993.841204,5456.407218,6475.673641,11053.85322,16373.33923,17.84121337,71.67207572,137.2667536,211.4854648,286.2550082,671.4220937,1361.956826,1684.854729,3077.268021,5568.465748
Europe,Croatia,99964422,3509.39209,10083.75195,16081.09696,21426.21094,26701.86914,48511.23828,79587.98438,93774.17188,134608.1719,184616.125,45.88303191,162.3705097,287.3043123,404.2421157,521.5321094,1064.398388,1918.884458,2333.464554,3869.148562,6080.952608,3.935113401,18.50930094,37.81966871,60.62947005,83.89222484,205.3707314,443.1172901,561.5410214,1009.478672,1625.126635
Europe,Cyprus,99964423,965.3430176,5657.370605,10466.0755,14908.3457,19290.37891,37663.92969,65616.53906,75703.70313,118231.0234,166559.6094,9.071584855,63.24675904,131.6543496,209.5583523,283.6014795,645.9053796,1237.930409,1495.051845,2521.779318,3810.987568,0.559055216,6.980341726,17.98369261,31.10001665,44.99536816,126.112421,294.967671,364.4465839,712.6863649,1296.407939
Europe,Czechia,99964424,1.65E-08,1.65E-08,0.000645738,1.198837399,12.45411587,286.3758545,1338.853271,1893.562988,4507.397461,8121.236328,8.23E-06,8.23E-06,9.50E-05,0.008375791,0.091322879,2.712578266,14.7900554,22.11994647,60.18672509,139.1386785,6.56E-09,6.56E-09,8.16E-08,3.05E-05,0.000930974,0.071933277,0.729899798,1.179110339,4.128846004,10.10136167
Europe,Denmark,99964425,6.47E-12,6.47E-12,6.47E-12,6.47E-12,6.47E-12,6.47E-12,6.47E-12,6.47E-12,0.854030848,116.5518265,1.06E-05,1.06E-05,1.06E-05,1.06E-05,1.06E-05,1.06E-05,1.06E-05,1.06E-05,0.004208293,0.849364494,8.62E-09,8.62E-09,8.62E-09,8.62E-09,8.62E-09,8.62E-09,8.62E-09,8.62E-09,2.08E-05,0.035392033
Europe,Estonia,99964426,1.85E-08,1.85E-08,1.85E-08,1.85E-08,1.85E-08,1.85E-08,1.85E-08,1.85E-08,0.382167041,176.3396149,8.39E-06,8.39E-06,8.39E-06,8.39E-06,8.39E-06,8.39E-06,8.39E-06,8.39E-06,0.002092336,1.133149194,1.27E-08,1.27E-08,1.27E-08,1.27E-08,1.27E-08,1.27E-08,1.27E-08,1.27E-08,1.30E-05,0.059259631
Europe,Finland,99964427,9.19E-29,9.19E-29,9.19E-29,9.19E-29,9.19E-29,9.19E-29,9.19E-29,9.19E-29,9.98782444,111.8983383,9.42E-06,9.42E-06,9.42E-06,9.42E-06,9.42E-06,9.42E-06,9.42E-06,9.42E-06,0.083825451,1.020239165,9.60E-09,9.60E-09,9.60E-09,9.60E-09,9.60E-09,9.60E-09,9.60E-09,9.60E-09,0.000840715,0.032528654
Europe,France,99964428,1453.337158,5857.62793,10710.2033,15502.04004,20044.75977,41959.57422,77825.59375,90284.86719,134739.7813,210895.3906,12.57718185,63.41848343,123.3928253,188.0297887,251.939753,559.337333,1156.271757,1419.833556,2604.957614,4044.993246,1.103441562,9.043264657,21.71046625,37.29650951,54.98561815,151.7656088,413.1953382,531.018584,1054.400661,1865.206505
Europe,Germany,99964429,137.6156158,3784.811279,8849.300965,14217.58301,20150.97656,47707.41797,98177.85156,121318.9141,211242.1406,324223.8125,0.892413235,28.74594412,77.34118927,136.5572117,198.4371619,563.8703302,1241.823518,1579.941351,3164.112956,5324.330049,0.0387134,4.308504757,15.92957723,32.98511209,55.55442718,207.8189211,598.0748195,806.9300942,1911.8986,3851.695903
Europe,Gibraltar,99964430,1.59E-05,1.59E-05,1.59E-05,1.59E-05,1.59E-05,1.93E-05,0.000186413,0.000229693,3.605214357,150.8295135,,,,,,,,,,,1.20E-08,1.20E-08,1.20E-08,1.20E-08,1.20E-08,5.48E-08,2.46E-07,3.51E-07,0.000284365,0.061649796
Europe,Greece,99964431,17516.41406,30625.00781,41717.26432,51633.84766,59869.62891,96650.28906,154534.625,176323.4375,265709.375,413112.75,423.880901,811.7728377,1160.584481,1468.770174,1765.424766,3023.01847,5341.993551,6234.078124,9795.881161,14803.64409,51.82438855,117.7638602,183.4654131,247.6249866,310.9198941,634.205275,1215.25547,1514.488238,2563.09668,4801.771031
Europe,Hungary,99964432,141.9775848,2377.986084,5531.095833,8774.564453,11751.64844,23981.39453,43067.99219,51160.00391,77637.63281,126662.5859,1.256535612,27.60792927,74.36776837,129.5678824,188.7051758,465.0869552,980.6666467,1196.389223,2123.404911,3713.619288,0.035554738,1.921978177,6.322155066,12.74638548,20.47402032,62.44185923,160.1799864,207.799849,419.7766626,839.9371939
Europe,Iceland,99964433,6.327534199,51.83647537,131.3774616,237.6310425,382.2076721,1170.400146,3254.817871,4453.691406,10151.92969,18034.68164,0.044061267,0.401846663,1.119994511,2.073811699,3.250447777,11.2935834,32.86877017,41.97287601,103.7225395,205.387647,0.000370605,0.00723978,0.029058395,0.070739178,0.128034282,0.649747997,2.61577707,3.982273799,12.85308197,35.05595097
Europe,Ireland,99964434,2.51E-07,2.51E-07,2.51E-07,2.51E-07,2.51E-07,2.51E-07,2.51E-07,2.51E-07,2.51E-07,2.51E-07,1.30E-05,1.30E-05,1.30E-05,1.30E-05,1.30E-05,1.30E-05,1.30E-05,1.30E-05,1.30E-05,1.30E-05,1.52E-08,1.52E-08,1.52E-08,1.52E-08,1.52E-08,1.52E-08,1.52E-08,1.52E-08,1.52E-08,1.52E-08
Europe,Italy,99964436,50698.27344,94069.01563,127759.0239,156460.6406,180435.625,265579.3438,366723.2188,408400.4375,528518.125,666748,771.032176,1584.882638,2295.704126,2920.644698,3463.754617,5713.534235,8738.459024,10023.32215,14216.50926,20469.16079,314.7897975,792.5909227,1251.379812,1676.47312,2096.255407,4033.931499,6955.881187,8116.47341,13365.1218,20368.19381
Europe,Kosovo,99964437,145.3777161,1622.281982,4187.953433,7103.392578,9781.498047,21830.27344,39594.94141,47568.78516,73312.10938,108033.9922,2.941427462,54.05460401,171.1606061,320.4854572,505.8975722,1452.820145,3343.936515,4260.53872,8342.211682,13547.37575,,,,,,,,,,
Europe,Latvia,99964438,3.54E-08,3.54E-08,3.54E-08,3.54E-08,3.54E-08,3.54E-08,3.54E-08,3.54E-08,15.32373047,375.8745422,9.75E-06,9.75E-06,9.75E-06,9.75E-06,9.75E-06,9.75E-06,9.75E-06,9.75E-06,0.123308857,3.577125252,1.31E-08,1.31E-08,1.31E-08,1.31E-08,1.31E-08,1.31E-08,1.31E-08,1.31E-08,0.001665212,0.226897691
Europe,Liechtenstein,99964439,3.64E-08,3.64E-08,3.64E-08,3.64E-08,3.64E-08,2.02E-05,0.100039177,0.789461851,23.99688721,173.4838562,1.05E-05,1.05E-05,1.05E-05,1.05E-05,1.05E-05,0.000115368,0.000936462,0.005184194,0.169735907,1.407794445,1.21E-08,1.21E-08,1.21E-08,1.21E-08,1.21E-08,1.46E-07,2.46E-06,3.12E-05,0.003194778,0.097231598
Europe,Lithuania,99964440,1.81E-08,1.81E-08,1.81E-08,1.81E-08,1.81E-08,1.81E-08,1.81E-08,1.81E-08,1.81E-08,31.35570526,8.36E-06,8.36E-06,8.36E-06,8.36E-06,8.36E-06,8.36E-06,8.36E-06,8.36E-06,8.36E-06,0.113735097,2.02E-08,2.02E-08,2.02E-08,2.02E-08,2.02E-08,2.02E-08,2.02E-08,2.02E-08,2.02E-08,0.003208512
Europe,Luxembourg,99964441,4.42E-20,4.42E-20,4.42E-20,4.42E-20,4.42E-20,7.10E-06,1.667099595,5.720153809,72.59890747,501.0284119,1.03E-05,1.03E-05,1.03E-05,1.03E-05,1.03E-05,7.17E-05,0.011461573,0.039364632,0.626412224,4.733266683,1.19E-08,1.19E-08,1.19E-08,1.19E-08,1.19E-08,9.20E-08,8.59E-05,0.000490447,0.018063127,0.347173703
Europe,Malta,99964442,9.48E-18,9.48E-18,9.48E-18,1.09E-05,0.001984316,9.347047806,187.2297363,387.3817139,2621.696777,10084.76172,6.98E-06,6.98E-06,6.98E-06,2.65E-05,0.000128948,0.06746035,2.251343611,4.882951511,41.59479458,201.8650785,8.52E-09,8.52E-09,8.52E-09,3.68E-08,1.68E-07,0.000870651,0.058170347,0.147023824,2.043341989,16.10052125
Europe,Moldova,99964443,7.98E-18,67.06794739,711.2768743,1820.496582,3046.378418,11148.88281,28991.83203,37480.07031,69122.97656,111278.4922,4.72E-06,0.88204397,14.50074693,46.55654832,85.37158445,441.4098896,1413.032116,2072.959049,4657.743605,9457.16159,1.13E-08,0.015157889,0.428318411,1.578114389,3.871233924,24.67273152,88.20196519,124.4480769,302.078398,756.1272501
Europe,Monaco,99964444,1.59E-11,1.59E-11,1.59E-11,1.59E-11,1.59E-11,1.59E-11,0.00029562,0.283395171,121.3685074,1851.975464,,,,,,,,,,,1.21E-08,1.21E-08,1.21E-08,1.21E-08,1.21E-08,1.21E-08,3.09E-07,6.22E-06,0.057344509,2.204156736
Europe,Montenegro,99964445,75.64846802,608.8030396,1383.75767,2289.363037,3242.251953,8201.170898,17001.6875,21726.23828,36844.33984,55084.98828,0.843781946,9.230321911,24.80197676,43.27268274,65.27534516,207.101259,492.72792,657.0180033,1365.890617,2441.487272,0.02436859,0.471641798,1.517517217,3.188141256,5.359041117,20.89114249,63.00152859,88.91646916,194.662231,389.6814109
Europe,Netherlands,99964446,1.06E-13,1.06E-13,1.06E-13,2.505125284,53.54811096,3612.072021,20574.14258,29341.51563,67031.15625,138996.0313,9.86E-06,9.86E-06,9.86E-06,0.01646976,0.369138382,27.81899182,158.2965113,246.3877933,673.6803592,1526.677384,7.56E-09,7.56E-09,7.56E-09,0.000105009,0.00823395,3.175865748,33.32803659,55.46519929,197.0617213,589.188158
Europe,Norway,99964448,3.79E-21,3.79E-21,0.866796328,11.4048748,31.85762215,229.4635315,800.4671631,1081.032471,2606.12085,5375.339844,1.03E-05,1.03E-05,0.00552634,0.06427803,0.203454944,1.642574768,6.690540277,9.12572847,22.76736937,47.21503197,8.07E-09,8.07E-09,2.70E-05,0.000872625,0.004013156,0.071044741,0.444785241,0.681351415,2.532918113,7.642093761
Europe,Poland,99964449,2.75E-10,2.75E-10,2.75E-10,2.01E-06,0.341983706,379.1699829,2819.218994,4227.819824,11330.03809,21271.62695,7.74E-06,7.74E-06,7.74E-06,3.34E-05,0.002514165,3.494828495,31.10315563,50.69910329,168.0687209,398.2875714,1.20E-08,1.20E-08,1.20E-08,5.59E-08,1.16E-05,0.194303901,3.520891099,5.799298595,24.78843516,75.38135675
Europe,Portugal,99964450,1452.992188,4261.719727,7036.925377,9652.820313,12055.54297,23007.30664,39969.875,47958.00391,80853.03125,147648.1406,18.03945347,63.98004356,113.4035603,165.8130631,217.1542023,473.4350451,933.9422486,1142.536128,2053.098149,3709.466182,1.226548919,5.94451221,12.45421212,20.24177151,29.08177423,75.21774515,176.5580226,225.3560384,498.1100312,1012.514349
Europe,Romania,99964451,10576.26074,58026.47266,149635.1665,269716.0625,384606.9063,834828.6875,1318099.125,1497370.125,2081360.125,2639735,162.710867,1038.622956,2720.545499,4874.530383,7332.096966,19992.57777,41578.93853,48883.33572,79642.86503,117875.1442,35.31666785,395.6048055,1383.75088,3088.201053,5031.286695,16189.19899,37012.77667,47245.11504,93928.55826,141735.0456
Europe,Serbia,99964452,4719.608887,12713.60938,19840.50244,25948.71484,31390.05273,52766.03516,80564.47656,94336.99219,132108.4375,192863.4375,103.9071591,361.4319923,637.556064,906.2952297,1171.120935,2306.54995,4337.074931,5318.398576,8408.159394,13626.82114,9.30972661,41.46119241,80.07499431,124.4168072,164.9328028,389.6680245,747.2730743,933.3475681,1592.093349,2833.899734
Europe,Slovakia,99964453,3.49E-21,94.15135193,892.7884196,2098.576172,3519.818115,10795.38574,22758.98633,27546.44531,43555.44141,69142.83594,7.18E-06,0.870409479,9.206738463,24.67342439,46.57976257,181.684768,440.8568544,567.387214,1043.314609,1811.122011,7.80E-09,0.016433583,0.383877144,1.37644305,2.937037963,14.32547391,43.30097782,58.15340683,140.187747,306.019494
Europe,Slovenia,99964454,902.1853638,4231.863281,7806.272946,11419.62695,15112.09473,30704.80273,53517.29688,62756.14453,95221.86719,129546.5391,8.622849914,50.17010885,107.3702585,170.0153018,228.4982905,530.5770064,1050.77892,1291.023832,2207.065347,3374.229375,0.413247505,3.954080087,9.786533685,18.01411763,25.92413822,76.65256648,183.6707187,229.1238562,409.1823847,728.4983786
Europe,Spain,99964455,8829.633789,21173.04688,31458.15363,40788.69922,48620.3125,81931.89844,125520.75,144353.3281,194830.6406,269228.3125,121.1004651,327.6850602,541.803198,736.2241165,907.3618986,1692.459512,2885.233848,3321.91673,5352.405296,8129.540718,13.86935927,49.02436833,90.43705432,136.7973542,182.3064589,388.7178636,764.1712788,918.4433901,1708.420481,2905.460324
Europe,Sweden,99964456,1.73E-08,1.73E-08,1.73E-08,1.73E-08,1.73E-08,0.103732526,175.2273712,347.982666,1537.247681,4196.137207,1.01E-05,1.01E-05,1.01E-05,1.01E-05,1.01E-05,0.000545423,1.120327787,2.696792252,12.78023246,36.26501725,7.81E-09,7.81E-09,7.81E-09,7.81E-09,7.81E-09,1.12E-06,0.036991628,0.109654118,1.072231239,4.317056458
Europe,Switzerland,99964457,0.99750489,191.653595,697.3744792,1439.592285,2306.660889,7369.829102,16983.68359,21295.11523,41010.54688,69787.88281,0.006160545,1.272269166,5.152623623,10.9437333,17.36032088,60.52332758,158.850967,208.7227555,419.3596544,856.9063405,3.12E-05,0.046961006,0.321487107,0.869279142,1.6987957,9.870261701,35.72812494,48.45865964,128.95383,259.5808572
Europe,Turkiye,99964044,307459,598455.6875,899986.5403,1193257.375,1511226.75,3005718.5,5610602,6403654.5,8860606,11867833,9826.402747,21066.88703,32173.48833,43335.05453,55544.80712,112679.5329,224985.0109,283265.4447,486787.6157,715923.1881,1279.605792,3425.528093,5981.84423,8795.115414,11716.49768,28723.53981,67789.21672,83762.65879,161963.1525,250508.0604
Europe,Ukraine,99964459,213.0255737,3044.181152,6796.499159,10866.99023,15021.48633,31549.2207,55308.4375,64031.21484,91476.57031,127039.8984,3.340870542,81.07827377,229.2765091,408.3066067,603.9044814,1600.686859,3528.286226,4247.913352,7222.12933,12973.27166,0.051447342,2.258609454,7.510094589,14.99268072,23.57919632,77.07272584,182.9953471,234.576629,472.4949761,795.6221622
Middle_East,Armenia,99964467,13686.58105,30931.18164,45620.98241,58350.40234,69234.60156,114236.8125,173355.125,195708.1094,291035.625,404289.5625,474.7899241,1329.492221,2222.067725,3052.742885,3834.350585,7379.384124,12940.24225,15800.58313,26326.54884,43200.79749,30.24679863,103.7602912,185.7205413,271.2317039,355.5830972,769.0797062,1579.785712,1890.12576,3270.920106,5995.669346
Middle_East,Azerbaijan,99964468,50626.35938,91293.1875,121207.7392,147407,169620.1406,252865.125,352438.25,392488.8438,532143.75,675980.375,2073.944021,4643.041141,6927.853638,8914.618063,10789.53584,18335.09826,30485.97775,34833.77078,51448.10362,69041.08113,167.2485432,413.305392,647.6668005,872.3258811,1097.96418,2014.318239,3483.941303,4075.730166,6682.423329,9605.896895
Middle_East,Bahrain,99964461,5.32E-06,5.32E-06,5.32E-06,5.32E-06,5.32E-06,5.32E-06,5.32E-06,5.32E-06,5.32E-06,5.32E-06,3.74E-06,3.74E-06,3.74E-06,3.74E-06,3.74E-06,3.74E-06,3.74E-06,3.74E-06,3.74E-06,3.74E-06,1.34E-08,1.34E-08,1.34E-08,1.34E-08,1.34E-08,1.34E-08,1.34E-08,1.34E-08,1.34E-08,1.34E-08
Middle_East,Georgia,99964469,12938.75391,28353.52539,41173.12315,51653.10547,61399.85156,100828.4297,155855.8125,183010.6094,258498.8906,338127.1875,398.452515,1139.568531,1909.102536,2593.261974,3236.72588,5994.431299,10605.33176,12735.43524,20324.97299,33260.8668,8.056187038,26.94188397,48.060366,69.25421571,90.68319811,201.9624084,386.4810833,465.4661383,863.1840245,1524.574602
Middle_East,Iran,99964470,163777.0781,307811.25,439815.6722,558557.0625,666778.375,1123430.625,1788876.75,2056428.375,2973588,4027294.5,13025.38353,28566.88878,43892.15838,57784.16598,71094.5548,132064.1035,248017.6192,294089.6215,513099.3438,766180.0914,413.2070741,1029.580418,1728.206648,2433.962158,3153.937625,6698.864621,13597.53097,16220.8943,30321.99555,49482.97682
Middle_East,Iraq,99964471,9436.463867,28799.21094,47368.81026,64562.3125,80543.46875,150088.9844,238950.7656,278653.1875,414914.2188,597926.1875,393.0460617,1666.190831,3082.75832,4711.071402,6295.008954,13817.25286,27931.19438,33813.06825,60112.75402,89551.18396,26.35008713,137.1086265,294.194866,467.3803051,661.4078816,1625.491734,3497.053902,4447.264628,8916.283002,16339.5955
Middle_East,Israel,99964472,555.710144,3337.869141,7113.586823,11793.65137,16504.5957,41694.0625,82048.4375,102781.2266,193924.7813,291943.5938,5.222143978,37.31669,85.68344087,145.8703703,213.8702708,597.3349801,1479.6115,1795.593405,3764.078244,6633.056751,0.115395501,1.521224345,4.503943856,8.997106075,14.88156124,57.13671266,162.529316,222.8667297,531.4879735,1087.930774
Middle_East,Jordan,99964473,1600.19751,9928.017578,21090.10865,31259.41602,42122.5,92859.71875,169145.7656,207922.5156,360890.7188,584076.1875,1.98216019,19.87497765,50.30378577,88.66994451,129.9462762,371.1560671,897.5312721,1188.340865,2314.780775,4467.390431,2.334562061,29.96082674,87.18173116,168.3617302,265.1310364,827.8510933,2255.726782,2890.533029,5985.293327,13400.66249
Middle_East,Kuwait,99964474,6.46E-08,6.46E-08,6.46E-08,6.46E-08,6.46E-08,0.000371215,71.12454987,416.0358276,5642.109863,15577.25195,9.17E-06,9.17E-06,9.17E-06,9.17E-06,9.17E-06,0.000144843,0.632437033,3.130919084,49.82094696,204.4480516,1.35E-08,1.35E-08,1.35E-08,1.35E-08,1.35E-08,2.08E-07,0.020589777,0.171236017,9.86671001,45.99915659
Middle_East,Lebanon,99964475,3778.60376,25926.30078,52036.60756,78049.14063,107042.4609,238054.6875,424074.5,493642.25,770648,1042310.375,36.27085757,414.3754529,1042.8472,1810.818734,2707.967995,7181.98601,15750.43114,19574.11581,37902.9375,65760.56371,3.414015617,55.91322118,164.1838131,306.1837463,470.2898101,1502.70119,3915.534036,5023.948277,10253.36323,16805.77382
Middle_East,Oman,99964462,3.57E-22,0.056827113,1.40473146,6.739097595,18.78462029,240.8575897,1448.683594,2235.585938,6748.875488,14599.20313,2.07E-06,8.69E-05,0.002821546,0.015612301,0.049897162,0.806779399,5.697563653,9.751761946,31.88164448,77.8908482,1.92E-08,1.27E-06,0.000127397,0.001217812,0.005315042,0.176147086,2.478490398,4.045526969,20.23363003,57.33480098
Middle_East,Palestine,99964476,88.75043488,3065.399658,8914.353289,16269.88184,23414.69336,61251.66016,123112.7578,147287.6094,247459.3906,378299.8125,0.05597725,5.369553261,21.60051772,49.05838113,79.83850819,283.3132963,682.6276615,900.8971673,1887.809656,3274.363601,0.00917652,1.449934721,6.807207088,16.3187008,27.80447544,109.1243221,308.3335347,420.3503536,1004.077754,1906.789158
Middle_East,Qatar,99964463,1.94E-07,1.94E-07,1.94E-07,1.94E-07,1.94E-07,1.94E-07,1.94E-07,1.94E-07,1.94E-07,2.28E-05,3.61E-06,3.61E-06,3.61E-06,3.61E-06,3.61E-06,3.61E-06,3.61E-06,3.61E-06,3.61E-06,2.28E-05,1.17E-08,1.17E-08,1.17E-08,1.17E-08,1.17E-08,1.17E-08,1.17E-08,1.17E-08,1.17E-08,8.30E-08
Middle_East,Syria,99964477,64076.24609,152729.3438,230658.2636,294364.875,348980.8125,558549.75,838091.875,940198.5625,1300947,1655820.625,145.2448112,511.0810576,901.1436711,1289.730135,1630.929276,3423.907668,6001.023492,6932.711806,11291.61082,18990.63276,182.6203614,678.774137,1257.383873,1815.577322,2356.510942,5083.439786,9663.862782,11612.57129,21448.90043,31085.95525
Middle_East,Yemen,99964466,453.1425781,2842.422852,6538.03432,10988.94531,15861.97461,41895.94922,88761.40625,108531.6875,172313.3438,243777.1094,0.494914393,8.088121092,27.36037301,61.18984402,102.4762349,404.3835998,1340.876254,1826.904249,4320.893759,8171.838835,0.317539007,4.61778037,15.03800217,31.97791925,54.51527996,210.5061091,644.8627469,811.6526309,1824.874037,3585.449127
North_America,Mexico,99964478,315286.875,638308.1875,924165.475,1183204.75,1417670.25,2279717.5,3379008.25,3709330.5,4778412,5940900.5,5291.851138,11346.2961,17474.97363,23044.28157,28475.9512,53303.56575,90902.64089,106077.72,157454.3855,216579.0909,14125.88555,36082.55258,60049.41263,84984.98858,111347.2761,231151.1394,438990.0932,538199.9947,864936.7297,1316495.304
North_America,Alaska,99961790,598.0339355,2323.816895,4214.421124,6228.516113,8383.293945,19341.83398,37913.82031,45362.92578,70680.16406,97368.16406,4.63600026,19.47044613,38.49787388,60.52522742,82.30494608,187.1944387,386.7355277,463.6939684,802.3364932,1309.170353,0.157802804,1.043871193,2.656927677,4.76612906,7.325490568,23.54244441,60.00412527,76.96652978,164.6577112,264.09897
North_America,Canada,99961787,114.816597,687.7828979,1857.447669,3451.514893,5490.702148,18312.14258,48078.57813,59290.49219,110987.4219,179582.6563,1.038923181,6.995104076,18.46962262,35.21630226,57.12299588,204.6251656,547.025981,766.7583551,1771.852958,3435.752046,0.047223353,0.589083163,2.258548467,5.604546077,11.01383895,61.37024449,226.1172421,321.4493213,832.0368491,1917.249151
North_America,Hawaii,99961791,2252.494385,5879.839355,9299.468015,11980.75879,14381.23926,23188.16016,34684.46875,39428.48828,53491.75391,70982.21094,17.82094847,52.7031176,86.57572314,117.4041907,149.6553977,272.9869802,452.0606285,517.5172713,796.0293393,1185.598561,0.973126262,4.141742168,7.976675729,11.89526687,16.33034514,36.16497011,66.14432988,81.00441425,136.7030193,235.535277
North_Asia,Mongolia,99964479,235.3532562,698.793396,1155.344356,1550.545654,1903.499023,3393.465576,5928.732422,7057.158691,13741.12598,44133.95313,4.861371867,19.64915288,36.48351695,53.31588112,71.55792907,160.9571097,334.6995936,436.4454298,948.7895133,2469.917234,0.14524573,0.732497228,1.510832575,2.410385447,3.266538538,8.266361519,20.0156221,26.34164644,66.06002384,257.8471472
Oceania,Australia,99964480,37.73762512,262.5223389,604.8101449,1094.734009,1713.956177,6013.607422,19026.11133,26341.60742,59902.59375,120812.8828,0.271219777,2.43018838,6.055476332,11.14421271,16.99094793,65.80112214,202.458748,287.9591062,714.0469548,1599.869004,0.008021857,0.141328259,0.48341789,1.055614658,1.950585597,11.39298403,57.3109052,94.23052864,295.4364235,849.0617255
Oceania,Fiji,99964483,53.87332153,221.3860779,451.0940934,708.1172485,990.9287109,2327.245361,4397.177734,5292.666504,9524.458008,17234.78125,0.898854953,5.366683354,12.57093687,21.98681434,32.10588184,97.3204216,235.8696537,294.9642028,616.9928762,1378.136116,0.004386945,0.033359763,0.088048355,0.173045811,0.275048577,0.998591597,2.793516954,3.708083603,8.305983679,18.76448077
Oceania,Guam,99964492,2054.425293,5996.340332,9682.291572,13161.96387,16035.39063,26890.06445,38316.60156,42352.30078,54839.22266,68527.13281,,,,,,,,,,,,,,,,,,,,
Oceania,Kiribati,99964566,1.08E-16,1.08E-16,1.08E-16,3.08E-08,1.25E-05,5.96E-05,0.078161158,0.305341661,4.658886433,26.73408127,8.44E-08,8.44E-08,8.44E-08,8.50E-08,2.67E-07,1.37E-06,7.44E-06,4.36E-05,0.001701223,0.015959938,3.75E-09,3.75E-09,3.75E-09,3.80E-09,1.15E-08,6.85E-08,4.23E-07,2.14E-06,0.000112732,0.001591418
Oceania,Micronesia,99964574,0.015650259,2.356112242,12.14974579,27.90987968,50.23593903,165.6853485,412.8141479,536.7522583,1104.270386,1937.347168,3.00E-06,0.000715834,0.00576485,0.0187973,0.040040965,0.208768167,0.761112702,1.086084383,2.924589335,7.378363988,1.45E-07,5.23E-05,0.000514273,0.001750676,0.003654735,0.021248741,0.081444643,0.119567919,0.345069627,0.730188776
Oceania,Niue,99964567,1.50E-08,1.50E-08,1.50E-08,1.50E-08,1.50E-08,1.50E-08,1.07E-05,0.000161887,0.065437146,0.536576927,,,,,,,,,,,,,,,,,,,,
Oceania,Palau,99964576,2.50E-06,0.03861507,0.953200286,4.075113773,9.615649223,60.40712738,197.5517731,271.0291138,659.6580811,1325.877441,1.96E-05,0.000176304,0.00657084,0.035147528,0.101869379,0.88726027,4.436577883,6.930120731,19.84706617,51.39001783,1.70E-08,1.66E-07,1.56E-05,0.000100245,0.000351487,0.005181827,0.028628045,0.046145771,0.174236302,0.467633676
Oceania,Samoa,99964568,4.87E-08,0.000753529,0.3265597,2.494664907,8.459347725,94.60173798,490.6184082,734.5464478,2125.178711,5084.969238,8.98E-08,2.01E-06,5.28E-05,0.000748103,0.003344858,0.080708332,0.768361063,1.298021523,5.702412176,16.92556996,3.74E-09,8.10E-08,3.30E-06,5.91E-05,0.000295382,0.008962389,0.091355518,0.177191986,0.948287688,3.07416147
Oceania,Tonga,99964570,907.9790649,2585.53125,4220.713446,5586.858398,6771.816895,11215.84473,16028.00879,17613.27344,23158.74609,28004.16406,1.230759808,5.151622875,9.667716193,14.48341823,19.52350655,41.01370455,73.1397926,87.94790843,136.2108778,204.4937719,0.214874668,1.042919822,2.103542957,3.207455205,4.274609839,9.405510159,18.53852226,21.99823162,35.67822633,51.01011631
Oceania,Vanuatu,99964571,8687.885742,15752.44043,20603.26751,24288.49219,27656.19922,38403.33594,47816.26953,51513.92578,63585,75980.14063,51.29056231,122.0009641,188.661273,251.2835364,302.0843171,535.6124579,852.8821081,970.4769143,1376.299112,1826.994651,6.082802277,15.15909682,23.3337161,30.83336235,38.63696513,65.98581136,107.7615783,123.1870697,184.7174901,251.6148655
South_America,Argentina,99964500,34980.03516,81158.21875,119970.2608,154131.0469,184346.0938,296612.875,423955.4063,470130.25,623927.8125,759931.9375,950.2549595,2551.376466,4160.889289,5728.613062,7106.259784,13740.0741,23044.51356,26260.26047,40424.97366,56299.85858,33.38550617,115.5392206,205.0589089,296.9300234,387.0895651,824.7629336,1597.690291,1889.442671,3001.351931,4346.823523
South_America,Bolivia,99964501,10729.77441,36856.61719,65187.00889,91819.11719,120080.6563,238148.5313,394878.5313,450827.25,608500.9375,841529,6.413889665,30.10075048,63.52352523,103.7934708,143.3194533,337.5354651,701.0596401,857.7639068,1499.492368,2276.988624,32.64172121,184.9722883,430.6569035,702.1578256,1042.448284,2818.546947,6084.823825,7243.835596,13440.08214,22774.90852
South_America,Brazil,99964502,0,0.10900867,13.06537069,80.19499207,233.9497223,2614.511719,10014.85449,13959.10547,32986.56641,68210.38281,1.42E-06,0.000148872,0.039201565,0.263125279,0.995312313,17.2175848,98.25786328,146.6990663,466.8314344,1249.529425,4.02E-08,7.47E-06,0.00618502,0.073795598,0.341931685,9.272374479,74.09945578,116.7738258,458.1418348,1151.661031
South_America,Chile,99964503,35229.03516,81256.9375,124648.9215,166553.4688,210230.7031,467786.4688,1109085.875,1371415.625,2490434.75,3917576.5,260.4875788,721.2166939,1232.66107,1811.256443,2417.794454,5609.003996,12379.32141,15736.53029,33260.10437,68251.16157,549.0839877,1837.644807,3591.529792,5780.300806,8172.852584,24347.85867,71550.12861,96781.96161,248192.4307,554648.259
South_America,Colombia,99964504,99570.92188,214037.625,305815.9986,392530.7188,459338.0938,766964.875,1258114.5,1470676.875,2419432.75,3596065,1369.275856,3744.201088,6079.442453,8256.966339,10321.71853,20434.02047,37172.72928,43587.76476,72318.34305,113515.9028,2298.796798,7324.119782,12737.71272,18425.60652,24263.00495,51618.50149,99624.99593,124228.8264,234120.2685,470865.9399
South_America,Ecuador,99964505,161521.9688,394869.1875,631900.7065,852252.5625,1041811.25,1757552.875,2908784.25,3326967.75,4722647,6100884.5,3308.465341,10856.29107,19035.0318,27394.06395,36049.26417,73464.883,140940.4779,168003.1931,264335.588,438880.4627,997.3289112,3939.304285,7693.646422,11717.65149,16274.84748,39219.84642,80317.02863,96137.74358,160923.1793,272770.0522
South_America,Guyana,99964507,6.75E-08,6.75E-08,6.75E-08,6.75E-08,6.75E-08,6.75E-08,2.08E-05,0.003844928,20.15217972,294.0600891,2.02E-06,2.02E-06,2.02E-06,2.02E-06,2.02E-06,2.02E-06,1.97E-05,5.48E-05,0.050695195,1.122907597,1.65E-08,1.65E-08,1.65E-08,1.65E-08,1.65E-08,1.65E-08,1.56E-07,4.71E-07,0.003618785,0.123056188
South_America,Paraguay,99964508,0,0,0,8.43E-07,0.000596986,0.262282431,3.421038866,5.921959877,101.9983139,588.2203979,1.30E-06,1.30E-06,1.30E-06,7.50E-06,1.78E-05,0.000412597,0.008401032,0.017272027,0.37295713,4.426920341,1.64E-08,1.64E-08,1.64E-08,9.84E-08,2.39E-07,1.08E-05,0.000335813,0.000960366,0.035732327,0.779393278
South_America,Peru,99964509,219547.875,521118.0313,826336.0621,1135071.375,1427104.25,2601982.25,4583674,5058959,6687918.5,8280839,4997.317499,14458.22299,24923.78385,36984.59846,49330.82971,102792.3671,206189.4484,252440.7876,442222.3603,715938.9402,6972.26234,23620.6113,44779.08539,68955.14007,96004.22676,231721.9964,505758.6378,641804.1133,1121948.409,1762522.108
South_America,Suriname,99964510,5.76E-08,5.76E-08,5.76E-08,5.76E-08,5.76E-08,5.76E-08,5.76E-08,5.76E-08,5.76E-08,5.76E-08,1.61E-06,1.61E-06,1.61E-06,1.61E-06,1.61E-06,1.61E-06,1.61E-06,1.61E-06,1.61E-06,1.61E-06,1.68E-08,1.68E-08,1.68E-08,1.68E-08,1.68E-08,1.68E-08,1.68E-08,1.68E-08,1.68E-08,1.68E-08
South_America,Uruguay,99964511,1.21E-05,1.21E-05,1.21E-05,1.21E-05,1.21E-05,1.21E-05,1.21E-05,1.21E-05,1.21E-05,1.21E-05,2.83E-05,2.83E-05,2.83E-05,2.83E-05,2.83E-05,2.83E-05,2.83E-05,2.83E-05,2.83E-05,2.83E-05,9.04E-09,9.04E-09,9.04E-09,9.04E-09,9.04E-09,9.04E-09,9.04E-09,9.04E-09,9.04E-09,9.04E-09
South_America,Venezuela,99964512,39483.12891,91994.91406,137409.6298,175729.7969,210887.0625,347423.6563,552813.4375,653109.5,959766.4375,1329920,46.54379292,144.7569456,252.4302865,360.1853629,463.3958022,993.0289585,1855.617722,2232.623656,4126.064509,6888.937566,202.5673237,695.4433187,1296.373007,1942.590151,2568.985846,5379.451229,11083.59204,13720.73464,24374.62028,42013.7455
South_Asia,Afghanistan,99964519,192066.0313,398354.9375,583712.7491,758599,938016,1612816.875,2417157.75,2766402,3777518,4739220.5,7009.91096,20259.60035,35633.01832,51212.86876,67979.38553,148729.7966,282689.0573,343219.8514,618783.4459,930287.0789,1435.787143,4085.851642,7181.694532,10453.26947,13685.34016,30177.0297,58925.7848,69899.02041,121805.6348,212351.0493
South_Asia,Bangladesh,99964513,127614.9844,344518.8438,552692.4364,754131.8125,954319.0625,1806089.375,3061923.5,3646000.5,6053938,10251253,515.0329425,2066.455278,3816.454077,5710.540428,7740.93832,18880.74551,40010.76533,49391.47929,97253.29815,172484.2562,730.5326199,3293.593666,6662.353277,10920.91184,15306.1724,39506.4693,93270.63491,121539.3393,255671.3238,469948.1898
South_Asia,Bhutan,99964514,11.01412106,623.2046509,2357.682359,4568.768066,7305.117676,25512.86133,78341.88281,108564.625,202212.7344,297104.4063,0.113060738,14.15984896,71.41279508,175.078258,305.9250064,1442.201737,5255.177528,7324.155074,16288.20117,34657.47045,0.001687411,0.506067911,3.263276527,9.162140476,18.23205727,100.9556078,500.1107308,762.3428307,2077.047227,4147.610646
South_Asia,India,99964590,538767,1122652.625,1646522.034,2134164.25,2548977.75,4535253,7400031.5,8346037.5,12153802,16552385,3558.299697,9340.279035,15471.4565,21865.62862,28106.09185,58749.31353,112640.1529,133318.2508,227561.3953,392145.9917,2462.183429,7029.61758,12347.85785,18168.62166,24050.05118,55225.00504,108430.6647,134794.7516,240668.3052,402419.6777
South_Asia,Nepal,99964517,63109.75391,266532.5625,482296.706,712032.375,921727.1875,1771878.375,2958943.75,3424210.25,5184603.5,6627042.5,377.9538287,2906.898979,6549.426883,10956.26949,15866.80891,42339.10727,91650.30361,113770.5754,216943.6234,356080.1115,250.7874939,2155.177719,5242.62405,8951.41088,13209.90338,36419.06736,82129.49757,101368.4639,180259.88,311371.043
South_Asia,Pakistan,99964520,748969.625,1334226.375,1822414.407,2203814.25,2560754.75,3919417.75,5466110.5,6106219.5,8102575.5,10101047,10292.09075,22932.67132,35063.77289,45959.67939,56799.82081,101836.3392,175366.844,204574.3787,311692.2923,467006.3949,11645.2691,27472.24564,42649.66652,58816.49373,74244.76638,141652.2584,244586.0606,289530.6645,449770.3241,675999.371
Southeast_Asia,Brunei,99964521,3.80E-08,3.80E-08,3.80E-08,3.80E-08,3.80E-08,3.80E-08,3.80E-08,3.80E-08,3.80E-08,1.35E-05,1.17E-05,1.17E-05,1.17E-05,1.17E-05,1.17E-05,1.17E-05,1.17E-05,1.17E-05,1.17E-05,7.67E-05,1.06E-08,1.06E-08,1.06E-08,1.06E-08,1.06E-08,1.06E-08,1.06E-08,1.06E-08,1.06E-08,6.47E-08
Southeast_Asia,Cambodia,99964525,7.18E-07,7.18E-07,7.18E-07,7.18E-07,7.18E-07,1.71E-06,0.016247522,0.217198148,7.28544426,38.11507034,8.31E-08,8.31E-08,8.31E-08,8.31E-08,8.31E-08,1.23E-07,2.96E-06,3.00E-05,0.00282917,0.029506178,4.26E-09,4.26E-09,4.26E-09,4.26E-09,4.26E-09,6.53E-09,1.55E-07,2.06E-06,0.00024012,0.002842054
Southeast_Asia,Indonesia,99964522,238097.625,423236.3438,594736.5752,763232.8125,924330.5625,1608481.375,2722239.5,3181175.25,4782191.5,6817774.5,26267.65071,54613.517,81697.38868,108067.0533,136109.9619,255810.5278,480252.5702,576650.1768,1009450.921,1663791.959,773.2056894,1821.448368,2929.933014,4048.922768,5281.782819,11585.77237,23784.7382,29926.22677,61246.75276,111234.9721
Southeast_Asia,Laos,99964526,903.6208496,2773.556641,4817.470046,6605.338867,8082.0625,13977.77734,20253.24609,22445.63477,30544.46875,38252.15625,1.203016843,5.151997385,10.10812106,15.5722403,20.57693592,45.96020511,89.23678026,106.2574974,167.7049308,255.0661862,0.255601754,1.257950772,2.719523819,4.211963514,5.957518141,13.76454353,27.63195139,33.69766106,59.10302834,87.92520856
Southeast_Asia,Malaysia,99964527,14.54395676,339.8159485,1025.483518,1881.335449,2809.731934,8355.567383,19177.9668,23524.4707,43022.89844,75198.30469,0.122365673,4.002418515,13.73889973,28.84639884,47.53056926,160.355781,443.9048994,561.8894276,1273.757406,2273.631998,0.001933438,0.161871019,0.791253218,1.961991491,3.481953541,17.37961925,57.74226779,83.21009854,209.7451329,516.8933834
Southeast_Asia,Myanmar,99964528,50699,94484.57813,130531.557,164381.2188,195693.0156,332846.9688,538323.4375,644161.0625,982405.5,1374880.125,371.6093739,926.4397237,1486.749501,1993.558971,2538.122157,5234.481593,9872.961877,11718.45332,21035.13637,35265.28416,285.5550725,742.5636942,1241.156032,1719.509684,2185.99027,4538.393991,9190.266712,11253.50119,21147.81313,36923.23057
Southeast_Asia,Philippines,99964524,220225.2188,413321.375,569823.0084,702136.5625,818639.3125,1303507.125,2067998.875,2327500.25,3593659.5,5055185.5,967.2962326,2317.510382,3642.403004,5002.771803,6103.058439,10982.68034,19419.27239,23513.93999,40177.62983,66040.48352,2751.080841,7068.055519,11461.76893,15761.62377,20247.94154,42554.32873,82272.38441,100581.0199,187565.3338,308332.4836
Southeast_Asia,Singapore,99964529,1.50E-08,1.50E-08,1.50E-08,1.50E-08,1.50E-08,1.50E-08,1.50E-08,0.053770076,116.0749588,1215.022949,1.12E-05,1.12E-05,1.12E-05,1.12E-05,1.12E-05,1.12E-05,1.12E-05,0.000286434,0.7439899,8.733972478,1.50E-08,1.50E-08,1.50E-08,1.50E-08,1.50E-08,1.50E-08,1.50E-08,8.49E-07,0.041317318,1.257991717
Southeast_Asia,Thailand,99964530,1356.484497,5271.566895,9509.50712,13829.27637,17566.21094,32387.94727,53705.69922,61924.33203,90467.65625,126029.9766,7.803819355,39.6400717,81.68727804,126.0740613,175.7060351,400.9539087,799.8428305,977.0518563,1758.914635,2895.614261,0.929033846,6.490380013,15.38350894,26.40220295,39.14064508,102.7150475,223.8384972,279.3429382,535.6005494,926.075273
Southeast_Asia,Vietnam,99964531,1699.856812,8830.868164,18628.47523,29196.51953,39805.17188,89979.83594,166832.7031,205480.7344,377144.5625,720892,53.20574524,400.4117657,981.9506604,1707.320054,2620.873156,7180.11846,17579.32949,22424.00381,47496.45696,91194.4353,2.50202037,26.45567337,75.97903606,146.1738275,235.4196975,795.888105,2067.537045,2833.127301,7139.824984,15051.6787