region,country,population,income,palma,age_dependency,homeless_aad,homeless_pmd_10,homeless_pmd_25,homeless_pmd_50,homeless_pmd_100,homeless_pmd_200,homeless_pmd_250,homeless_pmd_500,homeless_pmd_1000,sheltered_aad,sheltered_pmd_10,sheltered_pmd_25,sheltered_pmd_50,sheltered_pmd_100,sheltered_pmd_200,sheltered_pmd_250,sheltered_pmd_500,sheltered_pmd_1000,snapshot_6mo_aad,snapshot_6mo_pmd_10,snapshot_6mo_pmd_25,snapshot_6mo_pmd_50,snapshot_6mo_pmd_100,snapshot_6mo_pmd_200,snapshot_6mo_pmd_250,snapshot_6mo_pmd_500,snapshot_6mo_pmd_1000
Africa,Algeria,47435000.0,0.753,0.037681608,0.585067834,38027.08736,79240.2265625,182754.265625,302059.75,463133.90625,718305.8125,830310.75,1157825.625,1567514.125,29374.16838722937,63391.23078114201,137708.27178984715,226789.79839863715,345833.1891212259,508913.2112774793,576454.6333595441,799217.7589385717,1089009.6769113543,21695.77696415277,27410.287313029272,90683.25827719166,191427.81728558528,363211.0321850586,645745.5606753252,780989.9957907808,1291789.7816003968,2013917.6841867303
Africa,Angola,39040000.0,0.638,0.09588039,0.894060806,143.2531,0.1012951508164405,0.1012951508164405,1.275635838508606,451.4762878417969,2222.39306640625,3210.275390625,7926.611328125,17206.53515625,59.63984224319164,0.0,0.0,0.0,197.63072342558576,1538.384133843351,2183.0904410241974,4844.739461465688,9653.88847333185,20.131212920406725,0.0,0.0,0.0,261.093596001309,947.1221255944638,1278.6278253692906,2431.587511608428,3935.778867982636
Africa,Benin,14814400.0,0.544,0.036878216,0.807358613,24.94379,0.1270270645618438,0.1270270645618438,0.1270270645618438,0.1270270645618438,0.1270270645618438,0.1270270645618438,4.373901844024658,2224.791748046875,24.1255184190806,0.0,0.0,0.0,0.0,0.0,0.0,0.0,2621.779199507255,4.926537072620892,0.0,0.0,0.0,0.0,0.0,0.0,0.0,106.87104708604151
Africa,Botswana,2562110.0,0.774,0.10411661,0.566551465,3.3775021875,0.1003758981823921,0.1003758981823921,0.1003758981823921,0.1003758981823921,12.580806732177734,27.07416343688965,152.98069763183594,606.9154663085938,1.4219892410444923,0.0,0.0,0.0,0.0,0.0,0.0,5.274170304083966,261.3170140207513,1.337042883794734,0.0,0.0,0.0,0.0,0.0,0.0,113.65486976951962,455.1778191039873
Africa,Burundi,14390000.0,0.325,0.04389414,0.895041467,1920.58304,0.3495972752571106,2694.9072265625,13978.0703125,37576.26953125,85901.9375,105565.8046875,182082.734375,319202.6875,2404.6469934033003,0.0,4057.768888972192,18490.690034624164,50158.44642829657,105800.0826619714,131897.82223427398,225696.00061532413,395159.9848816407,812.8279906212249,0.0,231.2510732032356,2125.095216079593,8692.432892734425,26020.04004061607,32914.982902876,70816.76419125957,172853.99267944452
Africa,Cabo Verde,527318.0,0.658,0.05526735,0.479410239,0.10190595703125,0.1365473419427871,0.1365473419427871,0.1365473419427871,0.1365473419427871,0.1365473419427871,0.1365473419427871,0.1365473419427871,0.1365473419427871,0.058066458167038,0.0,0.0,0.0,0.0,0.0,0.0,0.0,0.0,0.0120693684406136,0.0,0.0,0.0,0.0,0.0,0.0,0.0,0.0
Africa,Cameroon,29879300.0,0.58,0.05454861,0.793304617,32.89192,0.1025803014636039,0.1025803014636039,0.1025803014636039,6.632172584533691,361.2247314453125,694.7899169921875,2604.094482421875,6650.564453125,58.09744846647116,0.0,0.0,0.0,0.0,448.5418119438722,1272.9944430244836,4897.126515839412,12845.98724384713,7.599056182319994,0.0,0.0,0.0,0.0,38.06881994525041,74.57031000191442,352.3626719863281,1189.781096690018
Africa,Central African Republic,5513240.0,0.362,0.05782155,1.047268498,17.228385,0.1049354746937751,0.1049354746937751,0.1049354746937751,0.1049354746937751,133.76100158691406,302.2406921386719,1434.2490234375,3492.221923828125,32.01054147425236,0.0,0.0,0.0,0.0,12.863315714937098,183.45936057136316,2935.9987769316435,7067.58801136734,4.138648898343249,0.0,0.0,0.0,0.0,8.404490327301305,30.4842853411226,202.8050117968463,599.4405433298381
Africa,Comoros,882847.0,0.535,0.06454075,0.712139891,0.0008420667266845,0.1142318397760391,0.1142318397760391,0.1142318397760391,0.1142318397760391,0.1142318397760391,0.1142318397760391,0.1142318397760391,0.1142318397760391,0.0,0.0,0.0,0.0,0.0,0.0,0.0,0.0,0.0,0.0,0.0,0.0,0.0,0.0,0.0,0.0,0.0,0.0
Africa,Congo,6484410.0,0.614,0.08306428,0.767764848,22.7843875,0.1009195744991302,0.1009195744991302,0.1009195744991302,22.995189666748047,249.3902282714844,405.1943054199219,1124.984619140625,2818.9794921875,12.396319374392249,0.0,0.0,0.0,0.0,22.221299028215928,164.3388844347279,982.0787937459722,2111.3591329249707,4.891153481699151,0.0,0.0,0.0,0.0,86.15726232379512,154.3604818857456,455.0753954446808,975.1525747433496
Africa,Democratic Republic of the Congo,112832000.0,0.392,0.06477576,0.964966567,6544.89472,10404.77734375,29961.3984375,59807.98828125,107425.7265625,190531.25,223211.015625,363613.46875,528825.1875,3208.3138391680072,5931.726085644141,15669.848421751323,28766.3644307896,51810.217753838784,83964.30899318616,98066.34966188297,149997.95066179114,217139.2661195615,1370.7473740703729,1942.223233679509,5923.230064906604,11928.147373368178,23616.954967299334,40946.96067108575,49715.91838572194,80457.57249815077,123183.72705216352
Africa,Djibouti,1184080.0,0.625,0.054,0.515630005,228.88272,0.4516646265983581,138.69503784179688,986.0609741210938,4229.23095703125,10258.2373046875,13499.2900390625,26956.955078125,43549.1328125,123.77348000792615,0.0,5.424075194184321,643.9508986869156,2287.4005225465507,5451.577870695451,6807.372705413525,13744.827129658044,23686.33267705743,54.31399568362173,0.0,8.365561146868268,114.12532617187507,571.4447868192701,1726.7603563692685,2261.5836362107107,5854.559973943749,11307.035561165723
Africa,Egypt,118366000.0,0.767,0.036491227,0.590101955,13057.73312,331.9541931152344,11534.9833984375,114165.984375,361301.0,735924.1875,887027.375,1364854.375,1816289.625,7641.427201503378,191.95004894286424,10175.183715124547,61650.38117361263,189450.47620815097,402645.05541745824,487556.7105728968,812351.4836767744,1203563.4181654768,12233.627713625006,12.393236682238642,1743.7857206882954,34369.019786829376,197861.4973256972,557402.1165448127,740588.5919285627,1519962.8016990598,2613030.570550091
Africa,Equatorial Guinea,1938400.0,0.746,0.065018587,0.694149705,3.3302228125,0.1152624562382698,0.1152624562382698,0.1152624562382698,0.1152624562382698,0.1152624562382698,0.1152624562382698,0.1152624562382698,49.14083099365234,3.306059004498401,0.0,0.0,0.0,0.0,0.0,0.0,0.0,0.0,0.5756447047470508,0.0,0.0,0.0,0.0,0.0,0.0,0.0,0.0
Africa,Eritrea,3606980.0,0.453,0.039008696,0.734301368,214.76276,1.4179773330688477,376.6322326660156,1521.3529052734375,3766.2705078125,7812.18994140625,9867.60546875,19489.806640625,36768.15625,369.3478519637819,0.0,450.3483327665936,3054.1786220222493,7232.315683254248,14711.07961840925,18298.53317621363,32066.08840798209,56693.3349525096,61.77253254064557,0.0,16.877779564823822,114.73898211790087,405.40999457129857,1186.0087696333562,1657.7457725922804,4236.42278672022,8691.028030272735
Africa,Eswatini,1256170.0,0.711,0.10943015,0.602929796,0.97505171875,0.1038871482014656,0.1038871482014656,0.1038871482014656,0.1038871482014656,0.1038871482014656,0.1038871482014656,0.131885677576065,54.71537399291992,0.4632986475352766,0.0,0.0,0.0,0.0,0.0,0.0,0.0,0.0,0.2429669885681959,0.0,0.0,0.0,0.0,0.0,0.0,0.0,0.0
Africa,Ethiopia,135472000.0,0.497,0.039008696,0.732798952,5549.67744,7456.390625,26369.748046875,54820.69921875,101308.6796875,176532.484375,211066.25,321438.96875,486141.625,7593.111464748459,11812.46598569089,39191.7588468037,77525.93800708701,137260.00155745386,225050.0792570138,259283.97854309983,405564.7079222992,609581.6951646073,2625.890016088153,960.526153036848,5912.564703449987,16440.23499492438,39602.31307722413,82952.92901347557,104633.7098394848,193322.39042111367,406041.1427752063
Africa,Gabon,2593100.0,0.792,0.042155514,0.682569536,3.20890125,0.1037941202521324,0.1037941202521324,0.1037941202521324,0.1037941202521324,0.1037941202521324,1.6429532766342163,33.48555374145508,215.69859313964844,13.71223628208841,0.0,0.0,0.0,0.0,0.0,0.0,0.0,76.08805499347591,0.7230298129753169,0.0,0.0,0.0,0.0,0.0,0.0,0.0,8.501010129139527
Africa,Gambia,2822070.0,0.5,0.046868186,0.764484982,2.781539375,0.1401969492435455,0.1401969492435455,0.1401969492435455,0.1401969492435455,0.1401969492435455,0.1401969492435455,0.1401969492435455,0.1401969492435455,2.52697053581483,0.0,0.0,0.0,0.0,0.0,0.0,0.0,0.0,0.3874514402181576,0.0,0.0,0.0,0.0,0.0,0.0,0.0,0.0
Africa,Ghana,35064200.0,0.632,0.05874092,0.653615857,454.815,0.1079157665371894,0.1079157665371894,23.79336166381836,4933.6533203125,19585.84765625,25229.408203125,51328.11328125,94661.96875,193.55169448654675,0.0,0.0,0.0,2095.1100667596806,7711.345766205144,10392.369831483153,23500.879540104903,41276.903943533,108.10928865013436,0.0,0.0,0.0,583.4946555786292,2937.37684877199,4276.977330942457,10723.675661236945,22534.35178137873
Africa,Guinea,15099700.0,0.533,0.02759081,0.797147834,129.48463,0.1001168265938758,0.1001168265938758,0.1001168265938758,688.5995483398438,3877.997314453125,5413.9130859375,12811.1474609375,24479.630859375,216.23038629042304,0.0,0.0,0.0,1175.130550992748,6643.093201395526,9264.563056825718,21048.22365250321,42613.67319148395,117.20839706812716,0.0,0.0,0.0,21.51411055538385,333.38796110184444,582.6143401432997,2207.948237261685,5730.7484444874535
Africa,Guinea Bissau,2249500.0,0.477,0.034598663,0.7234775,17.723825,0.1032649576663971,0.1032649576663971,0.1032649576663971,0.1032649576663971,0.2653319835662842,34.43001937866211,645.1847534179688,3035.62353515625,30.942282770817663,0.0,0.0,0.0,0.0,0.0,0.0,1062.2651907014,4915.584094733386,5.36423125517275,0.0,0.0,0.0,0.0,0.0,0.0,27.50995215365492,221.17103750254324
Africa,Ivory Coast,32711500.0,0.632,0.06289872,0.769295482,35.02677,0.2236103564500808,0.2236103564500808,0.2236103564500808,0.2236103564500808,0.2236103564500808,0.2236103564500808,0.2236103564500808,719.9567260742188,14.490814745838074,0.0,0.0,0.0,0.0,0.0,0.0,0.0,576.6248375268593,6.967496014833789,0.0,0.0,0.0,0.0,0.0,0.0,0.0,129.8193348510527
Africa,Kenya,57532300.0,0.603,0.047087755,0.661190998,1449.39664,159.69168090820312,3170.011962890625,12128.861328125,30399.109375,62372.859375,75227.9921875,129710.2421875,200870.96875,659.5079863471603,6.701302842830624,1777.58624720767,5811.775501842282,14180.046023283598,28529.83544688925,34016.51798080464,59472.713303037766,95200.71843941064,487.2587185799521,6.575482993413336,355.16727352575447,1895.0984596435069,6482.259100544766,16717.65935389974,21061.72570762351,45075.95456750731,89621.29849008702
Africa,Lesotho,2363310.0,0.512,0.06377922,0.622736686,7.972478125,0.1011371538043022,0.1011371538043022,0.1011371538043022,1.0093936920166016,113.01017761230467,202.86183166503903,756.1455078125,1725.170654296875,1.7830362986390276,0.0,0.0,0.0,0.0,1.12769340930798,3.8407296643729936,192.85894638857224,467.3106906622316,1.685814189519836,0.0,0.0,0.0,0.0,10.02374546510777,23.452746616451567,146.76851178992086,337.85040837809896
Africa,Liberia,5731180.0,0.409,0.037824156,0.749309821,28.224695,0.1001603528857231,0.1001603528857231,0.1001603528857231,0.1001603528857231,0.1001603528857231,7.595890045166016,838.7930908203125,4533.89013671875,43.654010003964565,0.0,0.0,0.0,0.0,0.0,0.0,1612.684250272447,6969.457977883112,9.199362608578486,0.0,0.0,0.0,0.0,0.0,0.0,43.78006155407383,381.0825423144879
Africa,Libya,7458440.0,0.787,0.041012325,0.479982307,341.16696,0.200303241610527,164.5049591064453,1612.24560546875,6303.60595703125,14718.22265625,18707.193359375,40347.4609375,68218.8671875,327.0796566534432,0.0,13.645402838272512,1814.0887003658447,6022.5609607908245,14799.84681447781,18604.88979673179,35541.316211058285,59510.66611584357,104.80607747354482,0.0,5.1986507242700295,126.16229738309568,751.6357578668781,2752.787326697176,3970.916033312614,10184.333153812397,22267.19403742647
Africa,Madagascar,32740600.0,0.421,0.05634529,0.744044379,305.41836,51.83610153198242,1006.63427734375,3015.330322265625,6760.0615234375,12936.6298828125,15007.6767578125,26155.08984375,39035.37109375,554.8186616071089,0.0,1940.8794577869317,5875.985819961436,12562.777088952653,23821.36504812905,27442.479408369232,43937.74581074396,69193.1430091843,67.78877853780091,0.0,119.77920352634024,455.2664377624588,1193.028651027391,2588.931588607696,3158.937194785268,5650.402490416089,10209.199268821358
Africa,Malawi,22216100.0,0.424,0.04655307,0.76340945,2845.9856,3090.44287109375,13794.4013671875,30616.8828125,58838.546875,98178.328125,113481.5546875,186927.28125,282782.96875,4177.18919762206,4850.2551825894925,21450.11318726989,46046.8656785523,85345.65206944026,138842.63349226318,162619.8032790272,257212.11508098847,369345.0734648149,948.2139512402756,310.0101569381216,2419.63217277197,6872.683927192808,16261.265372915224,33282.27324732316,41127.93716574451,73042.64890202938,124293.03689904866
Africa,Mali,25198800.0,0.474,0.039210992,0.942739622,22.728415,0.1030710116028785,0.1030710116028785,0.1030710116028785,0.1030710116028785,3.4341397285461426,126.69602966308594,2138.81689453125,6664.3388671875,48.74866397699864,0.0,0.0,0.0,0.0,0.0,14.108983854584867,3170.1172149954286,11645.447603171517,7.1825806098671725,0.0,0.0,0.0,0.0,0.0,2.748989340457156,145.05027639266825,877.4432546489397
Africa,Mauritania,5315030.0,0.623,0.031281848,0.849783546,8.6362525,0.1014037281274795,0.1014037281274795,0.1014037281274795,2.666642904281616,112.51272583007812,216.76258850097656,834.8327026367188,1984.79345703125,16.05119299806981,0.0,0.0,0.0,0.0,10.07078999557037,44.930503555920986,1774.7057639394232,4343.572682392432,1.0536145056987702,0.0,0.0,0.0,0.0,1.2568485616297076,4.843757971893881,38.78953401054345,154.28993832954572
Africa,Mauritius,1268220.0,0.833,0.04286893,0.395415492,0.0003917482757568,1.7216702699661257,1.7216702699661257,1.7216702699661257,1.7216702699661257,1.7216702699661257,1.7216702699661257,1.7216702699661257,1.7216702699661257,0.0,0.0,0.0,0.0,0.0,0.0,0.0,0.0,0.0,0.0,0.0,0.0,0.0,0.0,0.0,0.0,0.0,0.0
Africa,Morocco,38430700.0,0.671,0.04550669,0.509925352,6382.95424,12634.4609375,34843.3125,66461.9609375,114923.9921875,176304.53125,201366.640625,295291.65625,406011.59375,3055.53235473464,6232.808424790762,17104.175191990962,31261.52838040128,51833.37038620016,82348.32270402962,94351.40480575962,134268.10861042168,179595.74705377355,2115.029521381729,2028.776328716887,8383.744007806548,19369.01736303082,40928.64581806599,76277.76850792384,93191.31413229113,158777.4165105424,230385.0715078021
Africa,Mozambique,35631600.0,0.392,0.0893985,0.895117828,1407.4352,2091.482421875,6801.52685546875,13721.6767578125,24651.509765625,40654.68359375,48995.05859375,75391.71875,117929.7578125,833.8752759794046,1431.2647926755712,4398.850407859373,8443.533325766284,14770.398133708584,25175.313969560422,28260.023256184893,43042.986126626274,61749.44161448067,339.607227011548,783.0830330996032,1988.6692653493285,3460.414817025806,5310.615807281713,8123.857955071169,9130.194249003973,12684.68112231331,16928.37672059546
Africa,Namibia,3092790.0,0.706,0.14810185,0.684996561,8.6373625,0.1003208607435226,0.1003208607435226,2.586027145385742,30.161359786987305,108.50495910644533,158.2521209716797,479.3822326660156,1048.91015625,8.861739792131262,0.0,0.0,0.0,0.0,7.42343138571962,18.70730036267542,450.91782142335495,1483.2568243061537,0.0891123785133482,0.0,0.0,0.0,0.0,2.0160471136002407,3.626568324585436,11.53951890413567,20.693434797433365
Africa,Nigeria,237528000.0,0.606,0.037431111,0.787709745,92.02928,0.120491087436676,0.120491087436676,0.120491087436676,0.120491087436676,0.120491087436676,76.2536849975586,4585.4150390625,20271.98046875,125.59702501668404,0.0,0.0,0.0,0.0,0.0,0.0,7762.434288822389,29493.967269863155,37.598910378700594,0.0,0.0,0.0,0.0,0.0,0.0,542.8994360506948,3818.7323700976713
Africa,Rwanda,14569300.0,0.504,0.06161663,0.703196485,1869.85408,9.013798713684082,3858.49951171875,15231.01953125,40089.8203125,89644.2734375,108187.796875,175927.046875,275151.5,853.4838589410674,0.0,2007.5780831448003,7328.363697297352,18438.57028915334,38540.19841258246,47747.75415983163,80931.07530377102,128945.5395125589,428.3267862003371,0.0,542.061856350677,2491.766407522076,7489.237154419055,17902.893655222277,22970.10335286817,42991.92886875495,75581.99282042932
Africa,Sao Tome and Principe,240253.0,0.61,0.052621055,0.716102004,6.358777046203613e-05,2.810356855392456,2.810356855392456,2.810356855392456,2.810356855392456,2.810356855392456,2.810356855392456,2.810356855392456,2.810356855392456,0.0,0.0,0.0,0.0,0.0,0.0,0.0,0.0,0.0,0.0,0.0,0.0,0.0,0.0,0.0,0.0,0.0,0.0
Africa,Senegal,18931900.0,0.564,0.04071429,0.718215628,4.4517196875,0.1014087870717048,0.1014087870717048,0.1014087870717048,0.1014087870717048,0.1014087870717048,0.1014087870717048,98.62960052490234,553.0759887695312,8.840912541358833,0.0,0.0,0.0,0.0,0.0,0.0,5.661154965357773,804.4213266572032,0.9033418594345848,0.0,0.0,0.0,0.0,0.0,0.0,1.1410273357572955,22.913783406543647
Africa,Sierra Leone,8819780.0,0.424,0.040812,0.704490064,27.841255,0.1106166094541549,0.1106166094541549,0.1106166094541549,0.1106166094541549,0.1106166094541549,0.334276407957077,1263.9942626953125,6705.7275390625,42.57464939878595,0.0,0.0,0.0,0.0,0.0,0.0,2668.2894672181656,9255.177934197813,7.080457489275725,0.0,0.0,0.0,0.0,0.0,0.0,105.7973379226404,775.1115209325758
Africa,Somalia,19654700.0,0.404,0.04785996,0.967915743,60.150565,0.1000013723969459,12.016401290893556,165.9197235107422,703.8794555664062,1825.149658203125,2467.88671875,5185.50732421875,9258.3486328125,115.2206636963432,0.0,0.0,26.6811763695539,1365.3631551888266,3774.0990089941,4993.627870092098,10838.187675419686,18626.651910174118,16.687280776852706,0.0,0.0,8.529754981319995,57.915429928316215,196.2231820790029,277.9991602770009,815.8677239419768,1848.5558615343648
Africa,South Africa,64747300.0,0.745,0.1595098,0.483114173,885.93552,944.865966796875,4501.36181640625,9968.021484375,17590.046875,30037.767578125,34531.7265625,54306.8046875,75234.46875,312.3903522935361,394.8931148692741,1687.6534084700145,3644.982850095593,6620.65766130818,11089.360696400445,12798.081562805184,18631.65361693727,25769.093207230977,4.400948915045731,3.6046753435324224,9.332211295126603,15.71914127797974,31.136294833082005,84.61134944787456,110.32951215540588,244.15574487941245,541.9420692867103
Africa,South Sudan,12188700.0,0.294,0.06023114,0.721441309,369.46312,0.1001324355602264,335.7617492675781,2018.699462890625,5583.94091796875,13293.1875,16340.3837890625,37103.12109375,72581.2421875,211.8017216072486,0.0,100.2674341657646,1270.4936507746856,3470.116313148921,7664.318965665274,9400.600798010508,18176.628155862072,37422.27319683841,95.97107887994206,0.0,40.43968913355587,296.9177612381184,978.0310440201864,2445.425860739721,3279.316921258306,7472.662626131051,17125.936524510795
Africa,Sudan,51662100.0,0.525,0.03778346,0.778507022,0.055131845703125,0.1011097356677055,0.1011097356677055,0.1011097356677055,0.1011097356677055,0.1011097356677055,0.1011097356677055,0.1011097356677055,0.1011097356677055,0.0734561775294007,0.0,0.0,0.0,0.0,0.0,0.0,0.0,0.0,0.0027708948985211,0.0,0.0,0.0,0.0,0.0,0.0,0.0,0.0
Africa,Tanzania,70545800.0,0.535,0.05246377,0.837597147,5399.25056,11126.9521484375,28168.775390625,49076.296875,78915.3515625,120237.21875,142376.125,212999.75,295794.5,8464.51511103604,18315.03464793691,44683.53517137104,76417.58384951681,123567.14484763122,186249.2239722343,209754.99496760516,298663.0730310302,423259.5732117721,1345.924589703265,1938.251047062324,6157.587000323824,12591.900122755553,23493.07950018318,40544.06221158946,47726.64267844585,76681.27129338654,119938.79534126588
Africa,Togo,9721600.0,0.501,0.044281583,0.746397124,82.756095,0.1032378003001213,0.1032378003001213,0.1032378003001213,0.1032378003001213,0.1032378003001213,85.29100799560547,4395.34521484375,16604.708984375,135.07898368155773,0.0,0.0,0.0,0.0,0.0,0.0,6084.551038482795,24619.329342566143,37.69340149567358,0.0,0.0,0.0,0.0,0.0,0.0,440.1904033880379,3428.3165759558783
Africa,Tunisia,12348600.0,0.725,0.061945753,0.505311887,2652.6808,2860.831787109375,11556.818359375,24006.9609375,45936.359375,81816.9609375,101855.6875,179305.890625,295797.0625,802.5098916760555,984.3626947734542,3930.092601909847,8384.67578945929,15301.321736495343,25890.355376267744,31297.68318933268,50292.29567100941,78546.56594527287,591.3321529066493,413.341158912723,2120.0725339832584,5114.756154752753,10557.462006628202,19710.460680474964,24539.961186012188,44468.23884942947,74712.44568039726
Africa,Uganda,51384800.0,0.496,0.05952489,0.842692387,4282.21568,6487.9130859375,22986.607421875,48527.33203125,84859.875,138496.140625,161139.96875,237935.703125,340228.375,6271.031606319019,9962.444274198397,34270.22115282259,68666.57795534481,122548.18153136576,193650.64946140704,221975.5088454968,324673.01639555587,487053.4454860378,1035.1232064593555,971.913956449611,4428.878102433655,10119.837260995346,20437.39618418008,35911.70026919653,43459.0757138906,67302.73672737653,114065.64672348324
Africa,Zambia,21913800.0,0.53,0.09308333,0.766912407,904.34048,1289.1405029296875,4907.5615234375,10047.1767578125,16940.552734375,26101.07421875,30266.474609375,46905.109375,71547.34375,564.3863075224518,863.9791033875127,3121.534585769092,6417.427235341243,11296.046733666117,18229.650187653704,20426.018695354924,30103.396969662102,45891.32525216581,254.04165162668937,586.7072797301419,1630.1342153364624,2841.810379283134,4607.63862466615,6629.35493945061,7305.237361285103,9891.781080977564,13009.437462852024
Africa,Zimbabwe,16950600.0,0.53,0.06281741,0.801004118,164.33164,17.52260971069336,474.4380798339844,1504.508544921875,3548.06103515625,6793.19677734375,8467.2060546875,13621.787109375,21624.19921875,104.61417947846792,0.0,253.9988844444299,1120.6705476033806,2474.1533630390286,4517.019973629026,5417.385606998775,9313.633277921725,14013.461116464934,34.451854208115954,0.0,71.65411027592447,261.9696582340003,661.5293782310764,1371.3838257372504,1662.121772374988,3111.6888281081674,4991.005252764863
Caribbean Central America,Anguilla,14728.0,,0.05887273,,3.7641915625,0.2016117721796035,0.2016117721796035,0.2016117721796035,1.305690050125122,43.64249420166016,87.82097625732422,398.60296630859375,965.1176147460938,2.444787941582108,0.0,0.0,0.0,0.0,0.0,1.1989947867480268,191.91402419022336,769.2835357015758,0.637413868292403,0.0,0.0,0.0,0.0,0.0,2.249856107676634,51.29371113422274,150.26788449205776
Caribbean Central America,Antigua and Barbuda,94209.0,0.842,0.05887273,0.42014236,48.31124,0.2005824744701385,0.2005824744701385,13.214397430419922,289.8995361328125,1572.0450439453125,2313.840087890625,6161.00146484375,12214.189453125,58.13376497060525,0.0,0.0,0.0,65.0551877558754,1844.1840583774413,2659.84413363821,6752.7535430448825,15563.369358716052,11.491550662846253,0.0,0.0,0.0,34.20496942738842,221.8145005617077,340.1798294030858,1074.149442872558,2839.26675389817
Caribbean Central America,Aruba,108147.0,0.843711415,0.05887273,0.512890438,0.0208310791015625,0.25860196352005,0.25860196352005,0.25860196352005,0.25860196352005,0.25860196352005,0.25860196352005,0.25860196352005,0.25860196352005,0.0205601327569379,0.0,0.0,0.0,0.0,0.0,0.0,0.0,0.0,0.003759780397062,0.0,0.0,0.0,0.0,0.0,0.0,0.0,0.0
Caribbean Central America,Bahamas,354791.0,0.861,0.08932758,0.422242936,0.0059141125488281,0.2014169543981552,0.2014169543981552,0.2014169543981552,0.2014169543981552,0.2014169543981552,0.2014169543981552,0.2014169543981552,0.2014169543981552,0.0001524237160413,0.0,0.0,0.0,0.0,0.0,0.0,0.0,0.0,0.0044975332100452,0.0,0.0,0.0,0.0,0.0,0.0,0.0,0.0
Caribbean Central America,Barbados,282621.0,0.775,0.05887273,0.510381409,252.36584,1.0045491456985474,1.0045491456985474,207.60919189453125,2586.669189453125,11423.9326171875,16430.8046875,39172.70703125,61894.31640625,230.4258240841578,0.0,0.0,27.64496945898359,2733.353314676373,10052.71284669326,13481.60393145607,30130.410461507952,58429.92045303835,56.87033441119623,0.0,0.0,22.064934387172123,357.95670340402273,1829.2059515301123,2722.174350151862,6912.595972526835,15634.268612219845
Caribbean Central America,Belize,422924.0,0.721,0.08932758,0.4620357,2.8817015625,0.3011443316936493,0.3011443316936493,1.315117120742798,17.442392349243164,77.40615844726562,115.5612335205078,292.1772155761719,668.0794677734375,1.3227330431651028,0.0,0.0,0.0,0.0,0.0,2.4365281038430844,30.138871859452472,322.3951044490441,1.7891077553679675,0.0,0.0,0.0,0.0,0.0,49.65375182335418,220.6474934584677,498.60826318258825
Caribbean Central America,British Virgin Islands,39731.8,,0.05887273,0.317775107,16.98032125,0.202104240655899,0.202104240655899,0.202104240655899,77.62998962402344,583.2508544921875,929.4713134765624,2297.671142578125,4875.90966796875,11.857292018617922,0.0,0.0,0.0,0.0,332.34511295650964,605.6250422843261,1644.0463999868696,3081.6570962530154,3.510154387444281,0.0,0.0,0.0,0.0,69.9023472205094,121.10900873275888,399.5636852941104,849.8513120105401
Caribbean Central America,Cayman Islands,75844.0,,0.05887273,0.336630464,1.32325859375,1.00029456615448,1.00029456615448,1.00029456615448,1.00029456615448,8.995399475097656,18.767560958862305,85.0370864868164,256.4811096191406,0.8613958212006706,0.0,0.0,0.0,0.0,0.0,0.0,0.0,23.43352160085285,0.23196145081162,0.0,0.0,0.0,0.0,0.0,0.0,0.0,33.2420772643482
Caribbean Central America,Costa Rica,5144900.0,0.817,0.12267469,0.449788533,1601.37888,1336.4619140625,5551.21337890625,14082.5859375,29829.095703125,56039.1328125,68067.0,113596.4765625,185679.90625,512.9739151822629,595.100452066474,2083.141526361517,4756.585318021081,9881.396458554733,17634.365047639818,21007.691538527524,34655.11171084718,57379.60077785378,49.362314366480206,106.58657402450216,214.16147687253812,284.9314451520479,363.7160391417585,474.234277379757,517.881155576814,1169.5627163813172,2589.5326076676847
Caribbean Central America,Cuba,10937200.0,0.672,0.05377698,0.467631928,556.83312,89.78050994873047,1634.784423828125,5363.8603515625,12869.875,25605.140625,30612.3984375,48195.1640625,71752.984375,312.6943431881164,1.4681749316575792,1013.4517116644564,2998.3368115070466,7179.952972618043,14156.422777285812,17184.57293806161,27536.887088454238,42874.32911539424,138.33542388473563,2.0757495035194644,198.12612814115087,789.1460450774293,2434.065279013101,5899.128706255056,7591.7715535619345,13412.522072931692,23312.334539527856
Caribbean Central America,Dominica,65871.0,0.762,0.05887273,0.445713412,33.234235,0.2090858519077301,0.2090858519077301,1.6564127206802368,139.5943145751953,856.0659790039062,1273.56396484375,3859.902587890625,8612.3466796875,37.2057680116825,0.0,0.0,0.0,8.057501493837828,1015.0795697283884,1553.5344253089224,4390.075414903078,9510.624177686685,6.985477387930215,0.0,0.0,0.0,9.716908460445635,117.14141047832642,178.51584456974825,632.6119064018561,1603.7217063236246
Caribbean Central America,Dominican Republic,11520500.0,0.814,0.077738094,0.525742156,9922.7424,4458.53955078125,34299.17578125,96829.3984375,220074.328125,418146.9375,516060.09375,853222.625,1260587.375,2305.107364714956,1389.2802593333315,8837.741594407447,23956.138538415275,49386.59675518156,91230.37165128916,107185.99994802216,168094.65747106413,278799.70991161495,1196.432525851048,808.9341202890404,4896.419469445063,12743.470873716611,25688.402011842616,46878.439221598965,54726.508902998925,86602.40740348838,137134.19078464076
Caribbean Central America,El Salvador,6365480.0,0.7,0.09103226,0.491529743,4713.46304,1670.0274658203125,14219.626953125,39977.4765625,91668.5859375,195979.296875,237566.546875,396719.84375,646855.1875,623.9790261701886,342.15112151700333,2239.320952877576,5825.032699759002,12571.56917846196,23725.44016102824,29429.945940333007,49617.20708499881,76975.0898216021,483.2015608643998,586.4521866718724,2517.219764650192,5417.003645240852,9982.076320082995,16724.45317762454,19359.17766448521,28538.90882664552,43655.0817590751
Caribbean Central America,Grenada,117303.0,0.745,0.05887273,0.463702779,49.52216,0.2081504762172699,0.2081504762172699,0.2081504762172699,110.49982452392578,1179.2293701171875,1946.27001953125,6483.900390625,14866.416015625,54.29740941592233,0.0,0.0,0.0,5.873714212888614,1420.9170339374612,2133.182123407514,5931.3521583149295,13335.12943487693,11.112312126208712,0.0,0.0,0.0,6.957836515816912,155.36694471344367,258.8815496605619,949.4177558681464,2362.2212026563284
Caribbean Central America,Guadeloupe,373791.0,0.888,,,251.53176,0.2111152410507202,0.2111152410507202,301.7964172363281,2571.2626953125,9596.5712890625,13681.138671875,32343.2734375,64234.7265625,237.48333078616463,0.0,0.0,108.83052295940251,2656.902492055294,8890.706895491083,12708.722565233546,27610.910013087105,52110.39704198498,,0.0,0.0,,,,,,
Caribbean Central America,Guatemala,18680100.0,0.725,0.08932758,0.572981464,26391.68512,28666.451171875,104065.234375,233750.734375,495635.53125,957143.3125,1144799.25,1932781.875,2973052.5,5357.608611373997,7892.886345915092,26000.996680815028,54099.65447096808,98572.913590931,170090.22142353075,199831.6697428495,318762.35407675937,476130.7479540652,1998.0352856680968,4098.573969399909,10949.681722540585,19369.92110264654,31739.37429957298,48967.85334243204,55276.97911523544,79983.85017683252,112314.2867265138
Caribbean Central America,Haiti,11906100.0,0.515,0.08932758,0.559912955,12305.28384,4785.2109375,51937.8671875,136198.78125,298977.75,557794.4375,675522.25,1014760.5625,1349972.0,1539.576381048135,743.5741852914123,6584.919087284904,16565.508330821718,34427.40181754894,64293.215302268814,75672.36894723517,119321.46680823396,182656.61840729127,992.3658280367924,919.0293976633322,5478.442342852845,11956.494122233653,22178.28966715076,37037.32199570399,42673.3684324154,62679.07056953725,87995.28428231765
Caribbean Central America,Honduras,10867100.0,0.616,0.08932758,0.539383402,4136.42752,3306.1201171875,18448.962890625,42263.0,80055.96875,141928.015625,171306.359375,283812.09375,457288.75,637.0170576320003,598.0469100043372,2906.00759142025,6607.411329840551,12670.687703453455,21383.36248776987,24930.778370719006,40360.26040014749,66275.98391847954,550.5967413516988,864.8421005216805,3125.8614376305704,6254.464279481212,10990.54634460522,16947.957902284412,18936.77905524514,28227.48685231116,40618.43568873104
Caribbean Central America,Jamaica,2837080.0,0.693,0.08932758,0.36821363,717.5252,0.3000771403312683,153.4803924560547,3691.810791015625,14919.09375,34070.17578125,42812.03125,84563.9453125,136699.484375,113.1437002111881,0.0,2.019277271820854,654.9895553601561,2340.972245694694,5248.004248960284,6448.253858718609,11810.777616437326,20724.40921500997,102.58780095093864,0.0,62.94779761791842,858.5569061867479,2572.6154447951,5175.622448464182,6171.231693985153,10397.324339178009,16514.31445414211
Caribbean Central America,Martinique,340439.0,0.898,,,202.6704,0.213408887386322,0.213408887386322,104.24530029296876,1813.231689453125,7208.94091796875,10283.25390625,26837.216796875,49987.8046875,195.2872704309294,0.0,0.0,4.765075382201549,1921.9073687949776,7344.249213145051,10362.648732448682,24974.36507884336,44873.06206463326,,0.0,0.0,,,,,,
Caribbean Central America,Montserrat,4359.0,,0.05887273,,1.47382703125,0.2033459544181823,0.2033459544181823,0.2033459544181823,0.2033459544181823,22.041284561157227,39.25366973876953,158.5877685546875,373.8318481445313,1.0853930066851738,0.0,0.0,0.0,0.0,0.0,0.0,8.997104703226485,169.87401355011926,0.2902671585561193,0.0,0.0,0.0,0.0,0.0,0.0,19.27812621588056,58.45926910226015
Caribbean Central America,Nicaragua,6689830.0,0.632,0.08932758,0.521895509,6435.55008,4163.91943359375,26031.369140625,70096.3359375,148998.609375,263532.65625,307454.15625,485700.96875,693259.6875,904.4483122430776,787.8831019405067,3870.132281597216,9448.86966737748,18964.068255115155,34297.72427332581,40333.43029370847,64898.64305271069,101034.21314815136,719.7349120433697,1091.5043732144463,3896.724044800308,7958.635682115406,14250.834993821149,23155.44101146093,26761.665751668064,39142.10171136364,56412.9031024576
Caribbean Central America,Panama,4503160.0,0.874,0.08932758,0.520866895,1055.66304,1074.4000244140625,4586.24853515625,10739.3857421875,21474.56640625,38955.6875,46148.64453125,74792.7578125,109318.6328125,377.73233897728943,452.93284424196185,1764.5286596085407,3923.979148837229,7501.750130111455,13413.187133380528,15702.734247740433,26054.66157142736,40010.4442786134,246.3696505459327,468.8501521644932,1404.135622297555,2678.248671655824,4632.101369673521,7207.609751531739,8312.98347195859,12480.89304717324,18483.34624366617
Caribbean Central America,Puerto Rico,3156000.0,0.812282577,0.05887273,0.57102662,3763.4352,160.2991180419922,7012.4765625,28526.60546875,77043.4375,176619.28125,221545.421875,379878.25,617124.875,2766.03125036079,12.291964915364048,6174.911352242137,22322.387875565397,57595.61428893099,119995.64512778632,147142.37590829088,279807.72764619417,427856.6897658659,993.8198870598728,12.643216226972145,1017.1165486250044,5013.90111681259,15592.324595516851,39671.64146094028,51127.57426420794,109571.6446007932,179827.0640573015
Caribbean Central America,Saint Kitts and Nevis,46921.9,0.853,0.05887273,0.416706992,15.884875,1.0138007402420044,1.0138007402420044,1.0138007402420044,23.626951217651367,313.5984191894531,552.0584716796875,1759.8067626953125,4367.8134765625,21.41754500212033,0.0,0.0,0.0,0.0,171.1944889569933,542.254641272313,2663.924458760235,5814.152734975773,3.6673859777274016,0.0,0.0,0.0,0.0,36.566105515363326,67.64418427124372,329.57829295547145,858.2046313354339
Caribbean Central America,Saint Lucia,180149.0,0.804,0.05887273,0.372759419,126.90801,0.2043041288852691,0.2043041288852691,29.83485412597656,919.99658203125,4667.92138671875,6735.947265625,16984.3125,32280.857421875,123.45255576577298,0.0,0.0,0.0,950.4915851895718,4367.904431198937,6530.867433049938,16492.84719543773,29953.36176922521,27.99264705137685,0.0,0.0,0.0,110.17915113533311,625.4980566288777,1088.2585202222133,3340.332164436142,7173.443146904914
Caribbean Central America,Saint Vincent and the Grenadines,99924.1,0.768,0.05887273,0.496601169,43.44242,0.204681321978569,0.204681321978569,0.204681321978569,137.83807373046875,1024.634765625,1680.796875,5364.60546875,13420.7822265625,46.79996799904156,0.0,0.0,0.0,9.480519153838523,1288.850823859174,1971.4612505790444,5795.353205930192,11105.972922188552,9.196552184607066,0.0,0.0,0.0,10.940323491763811,145.84584369538604,238.20220911836452,847.3282429203593,2144.065259501648
Caribbean Central America,Trinidad and Tobago,1511160.0,0.843,0.08932758,0.431406496,1765.73072,0.9687197804450988,687.7012939453125,9022.3310546875,35669.84765625,86249.296875,109496.65625,216881.453125,338704.71875,484.4363661982195,0.0,227.26556366375436,2704.4222259298253,9062.058154255294,22162.10043932793,27890.803412509955,52716.277799246,94476.81111757146,197.15789068227008,0.0,261.1245511926961,1637.8479839622078,4567.331240459266,9438.801070198391,11465.859069111404,20559.54428171445,33164.65907440453
Caribbean Central America,Turks and Caicos Islands,46855.0,0.817397933,0.05887273,0.37596097,0.0087103704833984,2.833715915679932,2.833715915679932,2.833715915679932,2.833715915679932,2.833715915679932,2.833715915679932,2.833715915679932,2.833715915679932,0.01350870647666,0.0,0.0,0.0,0.0,0.0,0.0,0.0,0.0,0.0014184274893968,0.0,0.0,0.0,0.0,0.0,0.0,0.0,0.0
Caribbean Central America,US Virgin Islands,72150.5,,,0.644379677,37.211745,1.001311182975769,1.043802261352539,99.6912612915039,607.0272216796875,1730.304931640625,2360.81103515625,4663.32470703125,7633.6650390625,25.754666562947406,0.0,0.0,2.2060212267248,364.3204315486281,1240.4212123597586,1605.695297902219,3185.0308586883693,5311.987519804253,,0.0,0.0,,,,,,
Central Asia,Kazakhstan,20843700.0,0.862,0.0320172,0.613593285,1638.80208,1242.76708984375,6767.70703125,16777.720703125,35415.26171875,61680.03515625,74030.0078125,120763.203125,178849.40625,1533.4114868465704,1420.681974349042,6872.400644941868,15776.06476268967,31627.98642181892,57501.19175830168,69503.60440259623,109979.83096680848,171788.6152734386,739.3220109514067,65.20538926684553,801.8485229142238,3061.6778479346744,9618.93398466121,23376.659211042268,30434.529573091477,68987.38331860119,136245.1016042342
Central Asia,Kyrgyzstan,7279150.0,0.614,0.032236445,0.613514986,5622.44096,3940.0654296875,21578.365234375,74902.234375,151163.90625,246146.28125,279296.71875,378266.875,496901.0625,2386.941299408811,2245.706673345755,10258.360290841743,25479.3892800598,53918.18717266633,96777.4949586296,112756.9682069828,175950.43688958127,238581.9294008416,3585.509398989638,358.6409761353856,4555.805782026114,22953.10544703404,70419.14193497451,173271.68934249843,216938.71795817843,387556.00298574753,627947.7633365379
Central Asia,Tajikistan,10499000.0,0.603,0.036189237,0.66981344,7914.23936,8854.859375,40787.37890625,85866.3671875,150536.5625,242095.0625,280559.25,437724.84375,776402.6875,3171.9358266889967,4409.383819820062,16622.782694827445,35242.155765368734,61837.75182521036,99443.19448671032,112971.66168101544,165285.43320756397,259705.19462008803,4524.780820033926,1186.7818638985816,9894.18364653341,30990.99783140427,71089.63688757052,148847.32693503317,179807.9770055918,342883.744796255,657313.7497216336
Central Asia,Turkmenistan,7618810.0,0.775,0.056415315,0.563406372,745.58528,217.45065307617188,2256.993408203125,6501.8974609375,14084.208984375,24939.91015625,29610.1640625,48650.46875,81388.8828125,694.3882477422081,30.525500209685983,2542.002929192417,6891.851124228516,13954.674148594082,26315.68591881153,30727.71005577319,51827.60031540917,81345.03817382175,178.03021749689185,20.10942342988175,304.0047921975647,1070.2995304759006,2663.008954079869,5699.498988012728,7103.561425958596,13756.01358948404,22996.52933123391
Central Asia,Uzbekistan,37053400.0,0.671,0.04292844,0.586494292,18047.49312,24914.275390625,92362.4921875,193083.109375,377924.28125,633253.4375,736689.25,1106505.0,1511543.625,6670.287054152328,10118.63354471597,35870.01451111236,74027.7737737105,131277.38388423136,213304.33034193827,250695.1744561182,363739.7988714748,512616.7034204764,9350.17945057273,4557.733778874173,28205.750906976744,79985.61997279212,184910.4329965744,380931.3889745709,452666.4638093149,800960.9164557235,1251514.1170206347
East Asia,China,1416090000.0,0.807,0.05301956,0.442441143,120687.7184,233989.796875,529944.125,876173.6875,1414961.0,2213452.75,2518638.25,3508709.75,4516306.0,79746.8465122105,160201.3421409144,339089.47108329576,547976.1084770126,849208.5082412357,1240340.9389949224,1369236.377246437,1803786.1517735347,2279831.266336061,37552.02972863405,68103.01907144507,182657.71271343084,342941.0921624575,591269.2392076015,924980.0430234268,1063250.5656424148,1436666.9259918896,1841354.317316168
East Asia,Hong Kong,7046100.0,0.93280992,0.054733257,0.496445294,2.08077109375,1.0927276611328125,1.0927276611328125,1.0927276611328125,1.0927276611328125,1.0927276611328125,1.0927276611328125,1.0927276611328125,1.0927276611328125,3.340420424861877,0.0,0.0,0.0,0.0,0.0,0.0,0.0,0.0,1.149822147037503,0.0,0.0,0.0,0.0,0.0,0.0,0.0,0.0
East Asia,Japan,123101000.0,0.928,0.03808399,0.701168404,24175.67744,45306.796875,144443.046875,285703.8125,394711.9375,557252.25,617803.25,782054.375,828832.625,59453.02230697885,113070.0083619016,307700.6437498568,560195.7761334345,922653.682681539,1363390.50475137,1520428.7646681592,1977285.104549404,2603332.323416102,13244.933836735623,12160.37062164601,59732.440107560746,144716.75138206486,294702.0307888448,500198.3877105794,575302.0497081787,861109.6145134197,1230567.961480756
East Asia,Macao,638590.0,0.986177143,0.047494383,0.392342723,0.00829951171875,1.0976577997207642,1.0976577997207642,1.0976577997207642,1.0976577997207642,1.0976577997207642,1.0976577997207642,1.0976577997207642,1.0976577997207642,0.0047176243949667,0.0,0.0,0.0,0.0,0.0,0.0,0.0,0.0,0.0005086038001045,0.0,0.0,0.0,0.0,0.0,0.0,0.0,0.0
East Asia,North Korea,26571000.0,,0.044435234,0.456599941,1599.1728,1.0083355903625488,5201.11376953125,18729.19921875,42055.05859375,76318.65625,88688.125,138223.71875,184374.84375,730.3785794166766,0.0,2352.426131190924,7935.34461792532,17957.38711498207,33850.5276785555,40290.96323342797,65034.58706505829,93152.36854920638,532.0048214886323,0.0,559.1312302343979,3014.223803708004,9405.485743941055,23255.1527930779,29376.94555836477,55235.67038289823,90844.32785419031
East Asia,South Korea,51666900.0,0.935,0.028376923,0.425346867,3272.63008,792.930908203125,9408.5263671875,25885.2421875,61729.92578125,121384.890625,149561.46875,286600.625,518652.28125,2480.426035954811,764.6824355367395,8109.544744796689,22638.315824530768,50989.71437571012,92323.8557389513,111914.06047341686,193829.7175182632,349322.7367924106,3154.78315044891,26.335560068788972,1119.8723259660708,6070.573191605463,22516.40049608697,65027.01617235667,94992.98045274818,228138.18379561472,600272.5688236877
East Asia,Taiwan,23112600.0,0.989,0.0730531,0.461,21762.3808,44409.4375,133956.15625,237618.03125,385291.40625,564834.8125,616657.125,833254.25,1209850.875,5530.208868146155,11288.722068463914,32151.42792916965,58314.766013383865,96520.13261898304,147396.66389791845,164160.19857710207,223308.37383187647,299196.28168253665,3419.1232927106744,6572.743103433611,19505.45092952218,36453.658984462985,61757.98973536323,96005.9681238427,106806.34918499824,145833.8100103641,197259.987559023
Europe,Albania,2771450.0,0.775,0.030158033,0.50974269,3137.79776,4205.7099609375,17361.3671875,36856.80859375,63718.1875,106926.5625,124057.171875,186880.546875,265418.09375,2865.824768269344,4142.024366226781,15852.552421392822,32731.18932807579,58416.42179028651,93971.57252888542,107587.72530109348,157702.54010437216,225299.66675895816,1496.961187514551,373.6644351317328,3297.7957209889582,10284.327395920936,26214.731509323945,54733.67742654388,64970.2046630865,124051.44318679064,232064.9736220086
Europe,Andorra,82903.6,0.976,0.030075886,0.385649542,1.2453928125,1.0359296798706057,1.0359296798706057,1.0359296798706057,1.0359296798706057,1.0359296798706057,1.0359296798706057,1.0359296798706057,4.416009426116943,1.7808710676506752,0.0,0.0,0.0,0.0,0.0,0.0,0.0,0.0,0.4449413737381781,0.0,0.0,0.0,0.0,0.0,0.0,0.0,0.0
Europe,Austria,9113570.0,0.977,0.020647483,0.534552194,843.28432,1.0002100467681885,104.82102966308594,4763.83935546875,17317.95703125,37728.1953125,45462.48828125,75303.0078125,118853.5625,739.8713628374871,0.0,4.92046220430308,4031.012871952209,14162.453722837628,33096.52879394027,38923.05436906635,70449.46923824748,123522.09520448772,981.5780999477876,0.0,0.5087000927892765,353.26652076221467,3172.859913388534,11621.709870167137,16085.692509489772,40274.888773457234,107031.43695481244
Europe,Belarus,8997600.0,0.837,0.017044841,0.514320763,1.6870384375,1.1109058856964111,1.1109058856964111,1.1109058856964111,1.1109058856964111,1.1109058856964111,1.1109058856964111,1.1109058856964111,1.1109058856964111,1.8191550716337248,0.0,0.0,0.0,0.0,0.0,0.0,0.0,0.0,0.9944255815609132,0.0,0.0,0.0,0.0,0.0,0.0,0.0,0.0
Europe,Belgium,11758200.0,0.972,0.02197556,0.576148605,344.47664,1.0538334846496582,1.0538334846496582,1.0538334846496582,1.0538334846496582,3283.322998046875,8036.57275390625,44535.4140625,100520.625,267.8915879044246,0.0,0.0,0.0,0.0,3060.261787073357,6517.390431983863,30643.10364834709,69862.668295452,361.2063622146096,0.0,0.0,0.0,0.0,190.82614171298732,860.1336109464315,13178.17251141091,50851.45442327737
Europe,Bosnia and Herzegovina,3140090.0,0.794,0.029488735,0.544832428,871.49984,29.05473899841309,4014.719970703125,11538.6875,22875.4296875,37795.75,43087.35546875,63017.7265625,88485.4609375,847.8018803830287,0.0,3570.001250951469,10540.368926428024,21765.14598432535,38803.30870044021,44525.66894282468,67887.17652640279,91387.99402362856,282.7767749528459,0.0,314.49003368986206,1701.5672561018932,5237.728800339264,12097.429487856802,14844.261400035282,28311.46767587028,48191.3251475049
Europe,Bulgaria,6714500.0,0.869,0.032931855,0.574921985,3422.63744,3124.71728515625,16723.1328125,36435.3984375,73598.953125,131657.625,158433.0,244561.28125,364668.46875,2897.9833716417897,2778.72819169324,14568.603007487804,32825.73141687966,61942.25902128411,107880.04383097762,126799.09163792468,198425.99785282492,297296.8635289752,1794.78769831204,227.2237749083816,2909.8693956986367,10378.639020813886,28220.297169237645,67782.1468984645,90230.30109722693,175577.28527323555,306500.07486723823
Europe,Croatia,3848150.0,0.906,0.025131283,0.59010281,1660.18032,442.9710388183594,6391.43701171875,17028.541015625,36766.6171875,72133.640625,86070.0546875,135214.765625,217746.09375,1504.8469603038257,345.97616189432904,6075.849375392055,15737.646110976848,33036.615501993205,60534.40404430065,75250.9209056039,119444.99620170014,190947.95982967308,1014.0177005591446,9.452070241233375,652.8462319165611,3278.163003248525,11081.555897921326,33158.35666797352,43937.12761101613,100103.20450243,201672.3264020122
Europe,Cyprus,910340.0,0.928,0.023271692,0.44275886,830.85456,2.3471052646636963,2117.1083984375,8762.9658203125,21321.505859375,40094.390625,47774.12890625,77917.53125,107136.3203125,800.549959942632,0.0,2076.0077533861304,7958.208470328286,18900.98803725007,36987.27815775317,44873.11735053155,74730.1654853957,109822.59740540168,413.67598403559447,0.0,102.6679509427706,1041.5665667848418,4614.690063464454,13377.453676523064,18452.35048143972,39856.54614439204,81324.68443515195
Europe,Czechia,10609200.0,0.924,0.013567568,0.568447384,9.7123175,1.0090489387512207,1.0090489387512207,1.0090489387512207,1.0090489387512207,4.230791568756104,59.72628402709961,693.670654296875,2524.206298828125,11.84870480161988,0.0,0.0,0.0,0.0,0.0,0.0,645.0047891343238,2709.5163435874,4.421174585047761,0.0,0.0,0.0,0.0,0.0,0.0,24.36687733859996,306.66932862956537
Europe,Denmark,6002500.0,1.0,0.020936117,0.576353557,3.1613603125,6.537839412689209,6.537839412689209,6.537839412689209,6.537839412689209,6.537839412689209,6.537839412689209,6.537839412689209,6.537839412689209,4.920125898409386,0.0,0.0,0.0,0.0,0.0,0.0,0.0,0.0,5.59083291768258,0.0,0.0,0.0,0.0,0.0,0.0,0.0,0.0
Europe,Estonia,1344230.0,0.916,0.02618372,0.585663697,4.164118125,1.5460667610168457,1.5460667610168457,1.5460667610168457,1.5460667610168457,1.5460667610168457,1.5460667610168457,1.5460667610168457,10.624289512634276,4.977270902562112,0.0,0.0,0.0,0.0,0.0,0.0,0.0,0.0,1.5353674788580285,0.0,0.0,0.0,0.0,0.0,0.0,0.0,0.0
Europe,Finland,5623300.0,0.962,0.0211375,0.626820833,4.468950625,1.0402885675430298,1.0402885675430298,1.0402885675430298,1.0402885675430298,1.0402885675430298,1.0402885675430298,1.0402885675430298,73.5420913696289,6.54050779422335,0.0,0.0,0.0,0.0,0.0,0.0,0.0,0.0,11.575056815472124,0.0,0.0,0.0,0.0,0.0,0.0,0.0,0.0
Europe,France,66648600.0,0.954,0.026111112,0.630036555,898.9304,1.0015472173690796,2174.73095703125,9528.052734375,22821.880859375,43281.23828125,51081.14453125,82688.46875,119282.8359375,842.9910803386787,0.0,2007.9067035302544,8234.478863434759,20462.540697042903,39295.519100015306,47064.66268704528,74260.8248262384,118385.62200426008,459.2278225063649,0.0,110.18600379779932,1207.1076277870543,4957.985810760439,14273.15993917817,19107.891304391163,41969.31180357956,85413.48017096097
Europe,Germany,84069900.0,0.975,0.027533734,0.589970396,1055.96,1.0145080089569092,1.0145080089569092,4839.00830078125,21146.16015625,52814.54296875,67509.4609375,119803.8984375,185624.578125,785.5451587488791,0.0,0.0,3885.366389967778,17147.19691368566,41449.12037572626,49823.4490826151,89182.8050801155,154555.61914850574,624.744096738935,0.0,0.0,382.6076817750452,4331.657961016288,17177.246055274973,24817.53522782679,60605.43819605676,133452.95949655885
Europe,Gibraltar,40126.0,,0.030075886,0.544715447,1.40203859375,1.0384434461593628,1.0384434461593628,1.0384434461593628,1.0384434461593628,1.0384434461593628,1.0384434461593628,1.0384434461593628,2.9116711616516118,0.7360631110661899,0.0,0.0,0.0,0.0,0.0,0.0,0.0,0.0,0.1744315001514019,0.0,0.0,0.0,0.0,0.0,0.0,0.0,0.0
Europe,Greece,9938720.0,0.883,0.02639369,0.591322146,5393.16288,10267.099609375,21032.3125,35254.265625,56357.6796875,90047.7890625,105816.9296875,183692.90625,309563.875,5688.656027538616,11863.733729148333,24397.67063572666,39448.616359999,60074.136152430416,93824.67459862684,107264.20058848124,157383.62072866497,231625.11327905505,2600.615160553036,1653.5344509434342,5418.556027819618,12097.062806660122,26021.84867334969,54992.43860809768,72833.14619795585,145089.5457101824,311727.4218500672
Europe,Hungary,9632160.0,0.896,0.02261985,0.547857618,646.72816,1.0014195442199707,39.92634201049805,3874.57421875,15226.533203125,31043.935546875,36494.6015625,59040.87890625,89830.5078125,548.1302906613939,0.0,0.0,3104.333769470625,12365.7914575942,27364.59919903141,33847.09357665628,55457.63450311752,84180.19569035331,490.22636149837234,0.0,0.0,238.9000231287761,2454.992137187699,8353.121009566321,11128.342284837325,25121.44119058469,53200.67153881408
Europe,Iceland,398259.0,0.98,0.014549202,0.501686851,36.84288,1.0016769170761108,23.152496337890625,157.77195739746094,558.8510131835938,1406.8333740234375,1939.2171630859373,4130.53759765625,7791.66796875,42.71534218318316,0.0,0.0,14.779095876086584,666.8079366517644,2084.134510159402,2515.964637213681,5106.88460773824,8951.557117197608,10.154307354443162,0.0,0.0,1.9413532316692477,20.117978764904,106.76651345505114,175.04132870927785,631.6697886081346,1836.324352931091
Europe,Ireland,5308040.0,1.0,0.023930218,0.525496401,0.03899953125,222.5225372314453,222.5225372314453,222.5225372314453,222.5225372314453,222.5225372314453,222.5225372314453,222.5225372314453,222.5225372314453,0.1270651148783849,12.661172297107074,12.661172297107074,12.661172297107074,12.661172297107074,12.661172297107074,12.661172297107074,12.661172297107074,12.661172297107074,0.007287633502917,2.280550066099318,2.280550066099318,2.280550066099318,2.280550066099318,2.280550066099318,2.280550066099318,2.280550066099318,2.280550066099318
Europe,Isle of Man,84118.0,,0.030075886,0.59682377,0.0015555450439453,155.55450439453125,155.55450439453125,155.55450439453125,155.55450439453125,155.55450439453125,155.55450439453125,155.55450439453125,155.55450439453125,5.028647055344682e-05,5.028647055344682,5.028647055344682,5.028647055344682,5.028647055344682,5.028647055344682,5.028647055344682,5.028647055344682,5.028647055344682,1.9271336549403006e-05,1.9271336549403009,1.9271336549403009,1.9271336549403009,1.9271336549403009,1.9271336549403009,1.9271336549403009,1.9271336549403009,1.9271336549403009
Europe,Italy,59146000.0,0.941,0.038040817,0.575226882,23174.63808,56991.640625,129980.296875,205646.21875,307161.34375,451204.71875,493203.3125,710455.3125,972551.125,18388.02031605459,43571.64636130535,102043.57636447911,172431.3302678803,259721.37319261543,377854.3334111762,420228.1733743714,573585.7474621156,783300.9435856964,12287.65443188194,16122.384633005782,55102.12408333687,119062.27473131278,219110.0309076344,380502.2911189965,443407.64728717663,725394.2929956705,1173124.605369676
Europe,Kosovo,1647750.0,0.712650989,,0.444771638,541.86672,1.0021802186965942,58.13364028930664,2297.026611328125,12436.5625,31453.00390625,39307.98828125,65770.015625,96386.8203125,507.9776946001805,0.0,0.0,2310.6470379498696,10327.086464749049,25058.13412066728,32187.26613136647,57585.5973100828,99572.6054707072,,0.0,0.0,,,,,,
Europe,Latvia,1853560.0,0.896,0.027188473,0.591067523,2.759766875,1.0426270961761477,1.0426270961761477,1.0426270961761477,1.0426270961761477,1.0426270961761477,1.0426270961761477,1.0426270961761477,164.0818328857422,3.330344883763158,0.0,0.0,0.0,0.0,0.0,0.0,0.0,9.375252777131603,0.5097771945708522,0.0,0.0,0.0,0.0,0.0,0.0,0.0,1.5221236258625297
Europe,Liechtenstein,40127.7,1.0,0.030075886,0.53817013,1.582039375,1.0203860998153689,1.0203860998153689,1.0203860998153689,1.0203860998153689,1.0203860998153689,1.0203860998153689,1.0203860998153689,13.409468650817873,1.8654375756737736,0.0,0.0,0.0,0.0,0.0,0.0,0.0,0.0,0.2539960519286672,0.0,0.0,0.0,0.0,0.0,0.0,0.0,0.0
Europe,Lithuania,2830140.0,0.914,0.02584084,0.535448895,2.589283125,1.0409287214279177,1.0409287214279177,1.0409287214279177,1.0409287214279177,1.0409287214279177,1.0409287214279177,1.0409287214279177,2.821173429489136,4.061175153923432,0.0,0.0,0.0,0.0,0.0,0.0,0.0,0.0,0.8518149037135475,0.0,0.0,0.0,0.0,0.0,0.0,0.0,0.0
Europe,Luxembourg,680453.0,1.0,0.029051037,0.454621748,5.677000625,1.01036536693573,1.01036536693573,1.01036536693573,1.01036536693573,1.01036536693573,1.01036536693573,1.01036536693573,1.4315598011016846,2.7412426226315736,0.0,0.0,0.0,0.0,0.0,0.0,0.0,0.0,0.8976734153646075,0.0,0.0,0.0,0.0,0.0,0.0,0.0,0.0
Europe,Malta,545405.0,0.882243281,0.020555918,0.497966965,30.004095,1.009198784828186,1.009198784828186,1.009198784828186,1.009198784828186,1.009198784828186,1.009198784828186,164.8443603515625,2577.732666015625,26.58912373284005,0.0,0.0,0.0,0.0,0.0,0.0,21.1346411044832,2668.941399640572,17.665072006311632,0.0,0.0,0.0,0.0,0.0,0.0,1.9398332712397577,153.99415261736758
Europe,Moldova,2600080.0,0.76,0.028308458,0.562506131,242.85036,1.0051136016845703,1.9485291242599487,428.14111328125,2534.467529296875,8583.7841796875,12183.4833984375,28219.9921875,56096.59765625,217.38876636378976,0.0,0.0,380.7142946556548,2881.057318497104,8208.161202478366,11105.825133556384,23943.50836070165,45985.360684987936,105.3753920273833,0.0,0.0,12.05210861424868,179.14461122697435,1024.4923018025725,1716.6374216224117,6503.797478657276,20150.594593368005
Europe,Monaco,38341.0,,0.030075886,0.985659214,6.779781875,1.1478259563446045,1.1478259563446045,1.1478259563446045,1.1478259563446045,1.1478259563446045,1.1478259563446045,4.08141565322876,597.6192016601562,12.437202425096444,0.0,0.0,0.0,0.0,0.0,0.0,0.0,608.7176512444797,1.4889187552931833,0.0,0.0,0.0,0.0,0.0,0.0,0.0,11.683749922926149
Europe,Montenegro,632707.0,0.844,0.035097656,0.561498143,235.64356,1.001394510269165,116.81623840332033,1335.435791015625,5040.8798828125,11977.7529296875,15026.6591796875,25990.703125,40588.32421875,249.26500949021877,0.0,6.5345721253786655,1541.3767751175708,5041.330079233205,11356.234778408509,13612.184014466076,26991.835164402997,45699.320751400606,70.56619985811177,0.0,1.7843165836485777,80.82651612054843,538.9181903088657,1815.1184560847616,2609.7078499384343,6372.44902174993,14022.49723106881
Europe,Netherlands,18346800.0,0.986,0.017455658,0.550909926,376.79432,1.0577392578125,1.0577392578125,1.0577392578125,1.0577392578125,96.28374481201172,1680.4493408203125,33428.21484375,107604.6171875,285.0156943594581,0.0,0.0,0.0,0.0,6.5865314822835055,1475.7082885166303,23021.922346589927,64808.41409219908,977.5954180024266,0.0,0.0,0.0,0.0,0.8105507795148528,74.32257382133027,12372.158760218084,71335.26704021609
Europe,North Macedonia,1811700.0,0.814,0.021032257,0.534861076,987.94776,292.7276916503906,4853.16064453125,11990.7744140625,22649.248046875,37393.89453125,42943.515625,69944.1796875,114366.515625,979.8752311869983,84.97458124519326,4594.756825969045,11508.42514214926,22468.422085150145,38826.31321227511,45561.80072993865,71008.55708402245,101522.24082206088,471.9855604458855,4.160128307279928,385.68187918452287,1816.9386259074308,5384.0617465604,13800.854752279767,18584.070192422565,35638.06643149111,77646.04638226324
Europe,Norway,5572650.0,1.0,0.019126692,0.537846226,8.03141375,1.004206895828247,1.004206895828247,1.004206895828247,1.004206895828247,109.46595764160156,204.09239196777344,791.0823974609375,1947.7122802734373,11.094165288229885,0.0,0.0,0.0,0.0,4.368430514121843,22.89675551439569,981.3697244782626,3004.211252073276,1.1765973781225476,0.0,0.0,0.0,0.0,0.5189482240174553,2.323896720799026,24.88273836948122,142.1813706506491
Europe,Poland,38140900.0,0.913,0.029667954,0.537259745,40.8859275,1.0027259588241575,1.0027259588241575,1.0027259588241575,1.0027259588241575,1.0027259588241575,23.12137794494629,2290.8466796875,10251.2822265625,40.05132547908628,0.0,0.0,0.0,0.0,0.0,0.0,1911.3564641877697,8240.01812943548,23.0802252474924,0.0,0.0,0.0,0.0,0.0,0.0,129.7225498982141,1130.8480349192685
Europe,Portugal,10411800.0,0.905,0.026600912,0.595712454,737.9644,173.84217834472656,2449.2890625,7644.28125,16336.8759765625,30077.4453125,36379.78125,60695.10546875,93650.328125,722.7687356979585,15.617122421279884,2765.851232207037,7448.941632121401,16085.54831332166,29403.436601475307,35410.99560704405,61293.974722944666,91066.14069157184,303.7991208706748,2.376810994867617,160.6087857389057,892.4760562754252,3121.583304681287,8791.267336404278,11034.356623853077,24990.23548955597,53806.90126098467
Europe,Romania,18908400.0,0.899,0.04238929,0.555131733,13184.41088,3536.9287109375,37286.34375,135329.09375,362664.09375,638132.875,747284.875,1134954.5,1586056.625,8041.737439368733,3221.1272409623325,27753.027350797955,84368.05934602687,189981.85102096797,365336.4686691963,436398.8168521705,666005.7918433022,1006801.9831646464,7637.287785242054,332.75611474777844,8153.574515676973,42956.90019232014,145004.440296539,363894.4895055491,466416.98767536687,812951.7557082138,1414660.2882374732
Europe,Serbia,6688950.0,0.819,0.037852004,0.58722787,1814.50512,309.7679138183594,10324.2197265625,24750.27734375,44179.36328125,69711.0234375,78139.65625,116531.875,168576.34375,1673.5534751816856,130.50526646647052,8286.009373422683,20925.68290649271,40452.96738214585,67276.20970965202,78259.4057610235,116789.1819454166,165250.6915695465,705.0732183123029,10.53531510577263,1353.2502616756087,5020.478699919101,13085.638749163463,26548.756251842744,32274.954484610396,59000.18210672148,98625.74793095225
Europe,Slovakia,5474820.0,0.891,0.01776675,0.522037686,264.87198,1.0020017623901367,1.0020017623901367,3.387614727020264,3578.976806640625,12941.8095703125,17991.318359375,35996.078125,55843.8515625,248.27326246380437,0.0,0.0,0.0,2895.230577457748,11406.291808716276,15423.35042555565,32142.046338910885,58292.60618587755,192.72107641898276,0.0,0.0,0.0,264.1362562819694,2721.8487865474035,4480.460042064717,16829.83316179319,41655.29045563987
Europe,Slovenia,2117070.0,0.924,0.017565632,0.574487999,675.59208,1.0015089511871338,1400.3988037109375,7453.94580078125,17624.552734375,32317.18359375,38610.890625,64289.89453125,95890.7421875,666.6823753008028,0.0,1310.9661759625592,6403.221894860681,16104.364450415564,31659.34768371109,38055.37846018947,64293.72715358919,98437.55203790184,486.700976494809,0.0,60.9351805029537,968.7147543174276,4565.553501722134,14874.549360448807,20844.138298427224,47970.84005399578,102991.49506229813
Europe,Spain,47889300.0,0.922,0.021845856,0.516695537,2811.3568,2374.701416015625,15944.0458984375,36278.3203125,65441.99609375,105550.4296875,121065.359375,177248.0,241150.359375,2568.601972475401,2203.5772520445894,13675.559295391462,31081.44489985162,58082.96775513976,98219.89134616256,112875.68920941086,161190.15108767888,229841.27830023083,1906.92052533958,117.44984028621502,2756.893794292514,10926.106605802275,31532.9183831328,71414.11780816382,89426.9454843391,174194.14362533318,325755.0204251779
Europe,Sweden,10656600.0,0.983,0.018143535,0.605975579,13.5949825,1.007598638534546,1.007598638534546,1.007598638534546,1.007598638534546,4.931390285491943,38.52278137207031,710.8323974609375,2848.257080078125,15.016002227433514,0.0,0.0,0.0,0.0,0.0,0.0,709.7882789110278,3454.9984151946583,3.6025348898023197,0.0,0.0,0.0,0.0,0.0,0.0,18.015467662858487,252.28482362133036
Europe,Switzerland,8964490.0,1.0,0.018971142,0.537748543,252.5932,1.0005197525024414,1.0005197525024414,200.0527801513672,3070.744140625,11254.9130859375,14873.5849609375,29009.1640625,57696.86328125,242.0128865588489,0.0,0.0,21.82571014152397,3188.288618990563,10547.00070650342,13993.94892895232,29155.38791622708,52010.4003502913,159.09527202340408,0.0,0.0,2.341969694861029,213.263191590882,1947.119777318741,3084.7703658172595,9824.561516686024,26428.504931456187
Europe,Turkiye,87685000.0,0.876,0.05579317,0.464838487,82316.58496,134557.984375,314877.25,589215.625,1086519.0,1950364.75,2249457.0,3375271.5,4650618.0,55394.03273330784,103934.75930413169,222412.3665431363,376695.6148200071,612668.7119237921,954909.1025124482,1085425.0833722283,1662429.9626993656,2152881.2947342084,21610.04168919935,35061.98269660247,93844.79035834044,183466.41929074668,338228.44553432526,575188.058022865,660096.1996561706,1058528.2088577878,1461615.5688993705
Europe,Ukraine,38980300.0,0.767,0.01750272,0.489225091,601.64244,1.0016807317733765,480.0915222167969,4748.2451171875,14719.669921875,29693.423828125,36884.8828125,60770.796875,89539.1484375,560.5847872794018,0.0,380.8613539028953,4436.3323211133,12510.45607843747,26628.989108565816,32365.46958283345,54459.27796636328,87160.91800750414,552.614755585166,0.0,10.718175656578744,519.0534445981486,3167.13439521577,11226.845519236093,16552.882867460707,42761.45309355276,84456.6358976071
Europe,United Kingdom,69551300.0,0.954,0.027781155,0.579399912,144.98108,1.0138235092163086,1.0138235092163086,1.0138235092163086,1.0138235092163086,1.0138235092163086,19.15049743652344,5038.26513671875,21500.833984375,113.9835347611592,0.0,0.0,0.0,0.0,0.0,0.0,3927.4624342027296,20946.30385289157,179.1578110155309,0.0,0.0,0.0,0.0,0.0,0.0,350.8748497200441,4473.026213330193
Middle East,Armenia,2952360.0,0.787,0.027150686,0.491198808,3418.59264,5805.31298828125,19238.3671875,37527.9375,65726.796875,103963.078125,119154.8359375,179780.921875,264614.28125,3178.217870052042,5555.893196569082,18234.737630827305,35337.63309702058,59696.81262800797,95909.72103821364,108838.70878878314,156369.52701145288,226638.3737612018,1762.957805515238,575.1087296612216,3965.70933762837,11670.683716124717,28198.95409589107,60889.380679954666,76495.20051317364,144136.6978817167,253281.1121598796
Middle East,Azerbaijan,10397700.0,0.804,0.021304348,0.436108894,10740.67456,26044.150390625,61341.828125,102486.3828125,158842.0,233892.703125,265088.40625,371277.1875,480422.875,9429.312604714269,21802.25854029777,53717.26287302185,91363.91561678522,141160.062834669,209453.8902430121,233165.21960382877,332290.6836932093,447090.132028452,8067.810456219541,6132.897008770387,27300.85752218012,66994.92120652957,140973.8894932216,276865.98874067655,330018.05502834497,600042.336021939,973672.7281416575
Middle East,Bahrain,1643320.0,0.949,0.0726242,0.29149219,0.0221903442382812,1.063163161277771,1.063163161277771,1.063163161277771,1.063163161277771,1.063163161277771,1.063163161277771,1.063163161277771,1.063163161277771,0.0100072880275152,0.0,0.0,0.0,0.0,0.0,0.0,0.0,0.0,0.0057245293071514,0.0,0.0,0.0,0.0,0.0,0.0,0.0,0.0
Middle East,Georgia,3753570.0,0.797,0.044241824,0.573229007,3395.17952,5902.79345703125,19220.03125,36290.796875,62241.3515625,103279.640625,120808.21875,179376.140625,259862.09375,3175.369676517311,5526.751055006928,17933.47229536255,34677.79103320692,59793.4819268748,94357.08005304664,109271.06061901682,165617.46358576824,235169.58761095384,1088.53222017374,720.399467068923,3737.17180840404,9255.14656149566,20424.709553214037,39695.95423549025,48808.317656894,83492.79975520796,138175.3158168173
Middle East,Iran,92417700.0,0.761,0.0494084,0.442576476,49632.68096,84896.3203125,182976.515625,307516.59375,494269.59375,782233.0625,882417.625,1311094.0,1865321.75,41287.68370922458,72310.84176848811,145925.12408018528,230244.937281367,353606.2222886407,517825.675489057,581962.2873582174,852003.2740964091,1151766.662522001,15965.219623653196,24927.809229578863,64747.20014260939,122261.84796458624,222365.88552352216,370231.96573591273,446499.1451672695,722405.4555521996,1087768.0202197577
Middle East,Iraq,47020700.0,0.738,0.040348835,0.666548245,5598.51136,7183.79150390625,30194.837890625,60798.58203125,110892.4765625,185030.84375,213742.140625,332204.625,494971.9375,4589.750038755893,6295.06254854402,24782.582979370363,50343.21172642795,89178.6496769918,147424.5356579265,168112.1858731256,253636.16776774745,369665.1224800553,2615.557497548149,863.6776268973324,6401.972795351771,17985.95797131582,42182.48337226519,89260.23681669481,110824.97649219024,195082.3954745333,347168.4478652253
Middle East,Israel,9517170.0,0.932,0.050646505,0.665610464,506.033,41.60491943359375,877.8765258789062,3441.590087890625,9478.8955078125,20675.20703125,25328.0703125,47717.6875,81514.390625,466.9889892666317,0.0,1036.730978111602,3811.070898085201,9525.982375165782,19670.36803868992,24178.883534141365,47165.97068974141,77702.18014329112,124.28272372147129,0.0,84.30414857129416,441.6423774604032,1545.7666588889151,4049.020319601505,5305.239539324798,12715.42129729357,25911.237283404047
Middle East,Jordan,11520600.0,0.682,0.041673603,0.543009742,1921.79264,250.0463714599609,5408.06494140625,17515.328125,39699.91796875,82211.8671875,99695.515625,171315.15625,297081.21875,870.8188406194729,21.78058880007686,2674.848135095783,8194.255834464286,18164.13015523011,36622.68288614737,44075.31308462614,76230.5092817549,122628.03300102612,855.1661895857585,10.585267083961284,606.6679843769283,3069.020745660244,9754.168149070743,27612.00381434913,37147.64044191709,80179.28541462563,154763.271452482
Middle East,Kuwait,5025770.0,0.962,0.032637036,0.271029824,193.19624,1.0111570358276367,1.0111570358276367,1.0111570358276367,2.7023513317108154,744.167724609375,1670.017822265625,8060.78955078125,22507.787109375,144.78046690120948,0.0,0.0,0.0,0.0,835.7828076691168,1777.3282243714918,7157.784783857454,20613.09601280788,201.56081176737905,0.0,0.0,0.0,0.0,34.28245815911176,95.47327583471846,946.089723480578,5388.2893179857165
Middle East,Lebanon,5849410.0,0.72,0.073284574,0.570475893,3305.83744,371.3893127441406,10316.8349609375,32172.20703125,75931.9921875,149360.796875,179343.65625,306654.09375,455184.6875,908.8408304933658,78.00134523772597,2983.3780709549305,8888.7504930987,19575.274845152275,37267.9986174385,45520.43432046415,78329.37633550187,131011.7137425478,557.8002566995837,71.41369010194924,1655.365474985962,5157.927166938449,11659.77030162795,22641.959150819897,27874.14792057832,48611.32754974519,84141.36700463406
Middle East,Oman,5494690.0,0.892,0.0938255,0.376631602,61.499695,1.0087144374847412,1.0087144374847412,7.610758304595947,339.52374267578125,1694.13427734375,2654.72021484375,6592.80322265625,15932.73046875,22.55636024301279,0.0,0.0,0.0,68.44797430115959,649.0922345408873,951.8291379114684,2603.805012613981,5671.820606708459,15.805552405849598,0.0,0.0,0.0,210.25099083196517,688.7375213388259,968.2583892921868,2129.241446035813,3839.704765176083
Middle East,Palestine,5329620.0,0.643,0.05546448,0.720721492,534.25168,0.522966742515564,392.7045593261719,2802.83154296875,9037.4736328125,23131.716796875,29867.4921875,57735.3203125,100152.140625,761.9834024693656,0.0,450.410279233208,4962.740075466868,15164.860287826024,34258.3353468723,43677.898607967785,80303.27697922834,124958.30161343094,127.66992858208322,0.0,35.09366890563901,375.78988009512506,1546.623466289513,4507.215358929007,5928.394985480498,13071.373194557536,22570.95184390317
Middle East,Qatar,3115880.0,1.0,0.079618106,0.201151631,0.023092626953125,1.343984842300415,1.343984842300415,1.343984842300415,1.343984842300415,1.343984842300415,1.343984842300415,1.343984842300415,1.343984842300415,0.0160579975870685,0.0,0.0,0.0,0.0,0.0,0.0,0.0,0.0,0.0147150499404009,0.0,0.0,0.0,0.0,0.0,0.0,0.0,0.0
Middle East,Saudi Arabia,34566300.0,0.943,0.066383495,0.365549841,180.66658,4.663321971893311,141.96212768554688,750.516357421875,2681.943359375,7470.03466796875,9880.59765625,21208.787109375,36989.0390625,62.54805818604828,0.0,3.722232415762506,308.00059549800284,1106.113592118025,2702.099599979727,3479.1213176693955,6493.537208059669,11301.11945969511,38.20328264729466,0.0,18.83145158111049,143.63520069526322,515.8953029367435,1427.137994526954,1874.2818928935544,3858.514065700108,7030.093518512908
Middle East,Syria,25618900.0,0.568,0.0688015,0.512977157,13769.40032,17652.23046875,72716.625,156608.890625,298251.875,502646.78125,582242.5,835122.5,1122502.5,1828.6936659564676,2464.486310754546,9826.517958541535,20800.560820645616,37984.297924464285,61350.56475429124,71789.67903477173,111361.35890423706,152089.0229403405,2449.334224439123,2594.411296775424,11796.431422716842,26855.222772380785,51982.29983101708,87679.22911497494,104325.17581929476,167925.30197081095,234736.01007090663
Middle East,United Arab Emirates,11346000.0,0.991,0.055073614,0.217699586,36.7267325,1.0022318363189695,1.0022318363189695,1.0022318363189695,1.0022318363189695,60.25826644897461,171.33677673339844,1074.1165771484375,4307.44189453125,38.000840742162985,0.0,0.0,0.0,0.0,0.0,18.226917679683314,1501.386297521167,4071.016014200509,13.362838377222069,0.0,0.0,0.0,0.0,0.0,13.186545048533011,149.1379528326226,599.7787635402018
Middle East,Yemen,41773800.0,0.358,0.08762611,0.774668982,2241.30256,383.1104736328125,6358.91455078125,23210.6015625,54539.01171875,101775.828125,121055.7578125,199207.078125,288318.0,1044.6152090095993,151.44458620678114,3419.4595776754463,10581.544671629685,24574.434723079787,46118.55113692562,56077.748590002615,87020.04527152404,131374.32744540408,303.95332060643744,154.11578635237586,1389.5165813213048,3532.0123891723238,7341.604159959259,12635.164630514982,14688.35692515477,22476.981349987585,32512.316674017333
North America,Canada,40048500.0,0.958,0.034373233,0.536355844,1566.624,92.2613754272461,1421.1845703125,7131.7685546875,24259.533203125,56565.5546875,72258.4296875,152474.46875,275342.875,1239.4724431269665,3.266898493011276,1728.2484792629512,7124.976240257134,19919.431942402363,48343.72304772634,61818.22588259814,114507.62063672232,205948.12227629463,1211.7262943650935,0.7074876407015902,88.22942384213178,902.1457310014767,4732.17982016158,18763.06644542786,27254.98408856821,80108.8038455544,195084.24383817083
North America,Mexico,128510000.0,0.81,0.13835267,0.487167151,58769.19296,74105.546875,221957.09375,491351.15625,1054726.875,1930340.0,2272744.25,3468551.5,4946504.5,11992.187768144224,19750.194652571925,51836.58768734712,99981.2755937033,180515.95788851567,311498.3820637414,371496.25882226985,556414.8145065937,764352.2569637568,3307.2671447619164,425.3945527597936,3456.185144187408,15267.128553746335,58734.39748825844,156972.4932968402,213950.4642089772,421217.5974023697,684150.2127128607
North America,United States,325367000.0,0.996,0.05469006,0.544480428,22006.528,40446.41015625,110100.953125,202222.515625,332528.53125,494462.5,556585.75,789332.4375,1103830.75,17705.456693455402,34481.99174076586,84739.49914625376,150342.41660315517,241493.0979597308,377535.3802163001,429451.69834821735,605737.1081651839,811606.3003302314,6166.924878740884,8677.082141689474,27762.40978212992,58117.57248374108,107056.26763008996,185593.0979806613,221174.3262682707,342934.7581250031,492712.5563182
North Asia,Mongolia,3517090.0,0.743,0.037857144,0.595684105,283.34616,87.59443664550781,434.52197265625,1084.320068359375,2317.477783203125,4676.3486328125,5917.02587890625,12043.2373046875,42037.2421875,258.1435483507183,2.3404014122745824,452.1640514686182,1617.2337924813214,3457.7363504732675,6703.991262814833,8234.335459515385,16473.97517362159,33616.538513292166,121.22545032855956,0.5824119509443192,22.66081981772898,81.15729286521032,247.1252176311966,683.1195896107799,985.6897159652676,2792.6374522985507,12437.157023612026
North Asia,Russia,143996000.0,0.895,0.049671497,0.525688404,1818.00224,2876.156982421875,9367.357421875,19060.68359375,33298.4765625,53178.05859375,59790.37890625,84537.953125,119688.1953125,1940.5158133152256,3585.929686728535,10034.42030431543,19324.555892392196,33593.17766499469,54807.9414050137,62495.44050239442,93917.1863411543,130058.85417847044,441.9115773185955,383.1629685253781,1601.5904847958682,3885.368023288179,8166.502258284926,16125.035150173017,19181.663052346503,31972.551317837715,49919.30764570783
Oceania,American Samoa,44366.2,,,0.539689856,0.159103125,1.0248554944992063,1.0248554944992063,1.0248554944992063,1.0248554944992063,1.0248554944992063,1.0248554944992063,1.0248554944992063,2.5651512145996094,0.112609360120961,0.0,0.0,0.0,0.0,0.0,0.0,0.0,0.0,,0.0,0.0,0.0,0.0,0.0,0.0,0.0,0.0
Oceania,Australia,26471300.0,0.962,0.03167147,0.55211695,348.39244,9.669151306152344,198.273193359375,942.3379516601562,3686.6455078125,10562.154296875,14651.380859375,36177.59765625,76506.7109375,346.0484947381253,0.0,22.228374087978693,1219.541838519017,4193.65451441716,11485.935374171906,15094.173843988125,32045.033916236727,69895.32768672697,231.641649153737,0.0,4.4217395990472514,46.50512262522074,329.22860124865105,1741.3761531857915,2729.423819598872,10325.66814397621,36907.82798126149
Oceania,Fiji,933154.0,0.723,0.048849645,0.505576305,25.3062375,2.180077075958252,42.74972915649414,150.29598999023438,425.5493774414063,1045.3553466796875,1259.1192626953125,2327.10498046875,4073.94287109375,32.07467263968887,0.0,0.0,13.635479598500975,397.4261574736114,1418.8920921455929,1826.4776069784043,3750.652054765836,6568.384621512753,4.5390435929410975,0.0,0.0,8.261158938925382,38.43148788531534,106.45544880877736,139.62478128659433,355.0041653350532,816.896146184598
Oceania,Guam,126044.0,,,0.62826087,67.48359,1.000143051147461,3.943976163864136,110.00545501708984,722.9823608398438,2962.255615234375,4139.88232421875,9230.828125,15943.9736328125,40.46446025635633,0.0,0.0,2.792229519898508,469.88778988239727,1686.3588899343313,2258.013815812869,4776.49030081882,8835.843740886125,,0.0,0.0,,,,,,
Oceania,Micronesia,105565.0,0.566,0.048849645,0.60764619,0.134587578125,1.0453157424926758,1.0453157424926758,1.0453157424926758,1.0453157424926758,1.0453157424926758,1.0453157424926758,3.2477102279663086,25.43743133544922,0.0327385396739727,0.0,0.0,0.0,0.0,0.0,0.0,0.0,0.0,0.0092922797684974,0.0,0.0,0.0,0.0,0.0,0.0,0.0,0.0
Oceania,New Caledonia,295331.0,,0.048849645,0.486593989,3.614083125,1.0004891157150269,3.504462957382202,28.92414093017578,85.95458221435547,188.75718688964844,227.4729766845703,382.40240478515625,594.61181640625,1.842166495890742,0.0,0.0,0.0,1.104813615509683,12.711820123331796,19.051795327208584,190.3553180627665,570.9095186155403,0.3487343110548837,0.0,0.0,0.0,1.017937718816404,13.580257942956196,18.61063139207933,40.23682484488376,75.28124665924571
Oceania,New Zealand,5334200.0,0.93,0.025913818,0.545939624,4410.8704,3341.93603515625,16430.1953125,43938.6015625,101353.75,192838.421875,229520.21875,355001.28125,478538.34375,3663.6643569707167,3678.8205913907454,14941.682899816497,35931.54636904367,75383.1201424349,137522.06373771027,160042.20698430217,258214.31075534987,400138.5576937012,3750.673817801157,254.11819907766724,2972.1100627135797,14053.752215185332,50713.41928793673,137157.11990313212,175108.4953667045,381653.2012379101,700293.8049768099
Oceania,Niue,1820.99,,,,0.0001196480464935,11.964804649353027,11.964804649353027,11.964804649353027,11.964804649353027,11.964804649353027,11.964804649353027,11.964804649353027,11.964804649353027,0.0,0.0,0.0,0.0,0.0,0.0,0.0,0.0,0.0,0.0,0.0,0.0,0.0,0.0,0.0,0.0,0.0,0.0
Oceania,Northern Mariana Islands,41444.3,,,0.465285591,10.99839875,1.000660061836243,1.000660061836243,1.5610426664352417,45.433067321777344,296.7846374511719,484.7814331054688,1348.4178466796875,2711.7822265625,7.961181306432312,0.0,0.0,0.0,0.0,49.195003902578506,242.66758638142824,974.7366412172728,2062.778634205859,,0.0,0.0,0.0,0.0,,,,
Oceania,Palau,17663.0,0.733287553,0.048849645,0.420144462,0.153498779296875,1.0188502073287964,1.0188502073287964,1.0188502073287964,1.0188502073287964,1.0188502073287964,1.0188502073287964,1.0188502073287964,8.406365394592285,0.1716596540893705,0.0,0.0,0.0,0.0,0.0,0.0,0.0,0.0,0.0192501938151821,0.0,0.0,0.0,0.0,0.0,0.0,0.0,0.0
Oceania,Papua New Guinea,10762800.0,0.555,0.05116071,0.585895021,1834.78624,3065.91455078125,9952.4912109375,19511.017578125,31780.326171875,46886.640625,52177.375,75646.859375,100531.0078125,1082.1865283216273,2061.745318306535,5664.714592464311,10833.70533433897,18382.156580857634,29112.7744965311,33076.28404957768,47569.08769743511,61492.78688846086,425.1557448781794,436.5688956298021,1722.3750483347865,4117.992780689478,8296.371682813095,14848.825081058028,17551.213109868873,27829.80325287096,40066.17013521634
Oceania,Samoa,219306.0,0.606,0.048849645,0.796782541,0.813648125,1.0368090867996216,1.0368090867996216,1.0368090867996216,1.0368090867996216,1.0368090867996216,1.0368090867996216,3.406804084777832,46.15148162841797,1.822075294449891,0.0,0.0,0.0,0.0,0.0,0.0,0.0,0.0,0.1180373157355963,0.0,0.0,0.0,0.0,0.0,0.0,0.0,0.0
Oceania,Solomon Islands,838644.0,0.5,0.048849645,0.683761263,1517.16448,677.7807006835938,7489.2861328125,21621.625,41155.45703125,63114.3515625,70893.6171875,98305.515625,127399.96875,2337.226752873162,1332.183461423939,11062.207430757604,28547.31148994406,58268.83130617113,100140.4130014466,114382.23139186982,170739.77765190246,227664.3292979006,399.9138701406169,61.53273391967811,1006.6331310575266,3703.823796519883,9490.721333867486,18735.958395126825,22690.96546754043,37187.62972729159,54929.26177622974
Oceania,Tonga,103742.0,0.642,0.048849645,0.727669243,310.40508,128.01568603515625,1266.396484375,3666.423095703125,8005.4765625,14751.248046875,16821.263671875,25352.474609375,32255.47265625,587.3473007545056,13.752713517568822,2660.241044211168,6721.437777357949,13991.165650889068,26120.28414126454,30875.387894191197,49955.7118391759,70570.29406455458,63.58753346933672,5.24144555476171,130.34301697653382,463.6730937946441,1256.902670915804,2786.109092946884,3529.7987526066304,6619.518991433526,10880.86923452052
Oceania,Vanuatu,335169.0,0.535,0.048849645,0.742451306,2212.10416,4031.15087890625,13838.3662109375,26394.77734375,41359.5078125,58797.859375,63584.51171875,81777.109375,100671.6015625,3903.594419771213,7634.63385434681,22175.922979169663,42184.05058649284,68353.44972627757,106481.78064914896,119420.00608586584,165800.3826449114,222528.0784488087,536.6514886097893,549.5929310362077,2428.4018478948915,5747.293120429784,11088.792331068666,19447.24090196348,22449.19450405247,35596.97016029427,51155.565141931125
South America,Argentina,45851300.0,0.843,0.044255104,0.51560957,8544.3456,12704.3955078125,43891.7421875,92507.296875,169409.515625,273380.15625,312192.59375,462642.8125,621716.5,7043.706482589525,11794.053952246066,36591.64981694167,73550.87595760726,128499.7243780246,214926.699843792,243817.9944463012,364987.95170673553,477961.06548041647,3335.730095149489,2088.2309467842315,10618.062157522769,30153.370083504968,64901.01074678194,129825.20601027193,160566.6856505777,275930.7117759056,443040.7574102141
South America,Bolivia,12581800.0,0.685,0.08932758,0.548659781,5013.65984,3147.229248046875,19080.93359375,52281.125,111706.734375,207483.40625,250737.09375,413216.90625,590624.25,727.7154893943314,596.536044493944,2945.8880423255514,7500.226213443313,15007.74937190322,27741.0510600728,33062.12395638985,53184.568226315525,84824.92929411067,597.3712404962024,873.7640209121196,3234.705618442701,6666.822399428337,11781.737924346897,19895.117003846724,22722.186588915007,34622.792334373284,49674.76301973229
South America,Brazil,212810000.0,0.781,0.11408478,0.443299764,487.37392,1.0001510381698608,468.9621887207031,3197.58740234375,8783.66796875,19837.216796875,23897.62109375,43673.75390625,76314.21875,156.55399733186715,0.0,140.65183726084103,1109.9738400452666,3124.860094860665,6570.512001575233,7991.791835790666,14621.460530227216,25208.512014239484,20.34863214108977,0.0,81.43059184146243,264.46118426566,491.1368417297314,747.6582471373633,854.2597619367332,1202.9194686114674,1584.0559939567536
South America,Chile,19859900.0,0.852,0.12237288,0.451405085,10401.68896,13108.4775390625,46326.0390625,95592.296875,173158.578125,320879.0625,392039.34375,667746.0625,1107655.125,2703.102498901486,4043.151277064472,12807.655764840098,26150.609362187573,47332.50173465643,78714.71858668224,92123.42647468756,144229.76354360578,208528.6918798829,433.9961546647802,246.0266130340211,402.6739517829682,711.8945003946831,2431.176740719405,6948.455390263366,10092.380268282986,27784.39920033841,75199.63713310072
South America,Colombia,53111200.0,0.787,0.18188059,0.42960377,25301.6576,34293.109375,120188.1640625,260447.640625,496113.0625,840073.625,998723.0625,1504705.0,2026921.625,5857.095540302622,9603.563232733904,29150.52085465803,57825.22671548163,106150.02057290028,174395.52161634294,204078.7834022357,308042.3383524566,423182.7741504814,1160.9775996822382,97.15757704908806,1030.2302758527255,4476.817253571782,16296.568708612413,44887.126341055984,59571.52511177122,127116.66072634168,237488.38467885647
South America,Ecuador,16891900.0,0.745,0.08044484,0.488091846,42771.08992,61766.921875,226356.15625,509875.6875,943855.5625,1437646.5,1615935.75,2171960.5,2892334.0,9001.242913701424,14841.18505249894,48498.52669020716,98557.36066879904,174324.35497929426,275324.9815914956,323874.6586289062,474662.5351141648,639154.3532380086,4092.3905081555454,7608.932125791712,22610.50010751438,43737.34288324571,74046.27342975105,116617.60359201836,134273.57113547655,189266.31352003725,251802.3570704693
South America,French Guiana,313644.0,,,,0.6416184765625,1.0119423866271973,1.0119423866271973,1.0119423866271973,1.0119423866271973,1.0119423866271973,1.0119423866271973,1.0119423866271973,1.335269331932068,0.3213476923889092,0.0,0.0,0.0,0.0,0.0,0.0,0.0,0.0,,0.0,0.0,0.0,0.0,0.0,0.0,0.0,0.0
South America,Guyana,835985.0,0.887,0.08932758,0.559953375,0.26316974609375,1.0550848245620728,1.0550848245620728,1.0550848245620728,1.0550848245620728,1.0550848245620728,1.0550848245620728,1.0550848245620728,1.0550848245620728,0.0951320794312396,0.0,0.0,0.0,0.0,0.0,0.0,0.0,0.0,0.0793715115720887,0.0,0.0,0.0,0.0,0.0,0.0,0.0,0.0
South America,Paraguay,7013080.0,0.754,0.08932758,0.541439538,3.9717328125,1.000959873199463,1.000959873199463,1.000959873199463,1.000959873199463,1.000959873199463,1.000959873199463,1.3163114786148071,82.94435119628906,2.0205846613761085,0.0,0.0,0.0,0.0,0.0,0.0,0.0,0.0,1.249950291695238,0.0,0.0,0.0,0.0,0.0,0.0,0.0,0.0
South America,Peru,34209100.0,0.75,0.11850716,0.496973011,76725.34016,116300.90625,426043.03125,878388.0,1526870.125,2447439.5,2784280.0,3747281.75,4852562.0,14824.54002848444,26434.66616164864,82300.01525051243,158339.7483062484,270045.26563334186,418470.2374577669,473870.87937630486,645395.033059287,830387.566382742,5155.551578893463,1064.8975409485215,11417.440138219064,44952.96968416827,119395.59420969244,249809.29397893185,304929.74531805963,507029.6486481488,741611.4644297452
South America,Suriname,639850.0,0.776,0.08932758,0.504628213,0.0001445960617065,1.4441030025482178,1.4441030025482178,1.4441030025482178,1.4441030025482178,1.4441030025482178,1.4441030025482178,1.4441030025482178,1.4441030025482178,0.0,0.0,0.0,0.0,0.0,0.0,0.0,0.0,0.0,0.0,0.0,0.0,0.0,0.0,0.0,0.0,0.0,0.0
South America,Uruguay,3384690.0,0.85,0.047935348,0.522955026,3.1263415625,1.0266953706741333,1.0266953706741333,1.0266953706741333,1.0266953706741333,1.0266953706741333,1.0266953706741333,1.0266953706741333,261.5962829589844,4.072615650414895,0.0,0.0,0.0,0.0,0.0,0.0,0.0,22.947408950073932,0.7158754364231193,0.0,0.0,0.0,0.0,0.0,0.0,0.0,9.632708637981686
South America,Venezuela,28516800.0,0.637,0.08932758,0.543357994,5848.26816,5878.19921875,27663.294921875,62642.4296875,120635.546875,211042.765625,251879.078125,389334.125,570507.625,863.6957254321128,1064.4642600554923,4128.037434809729,9202.457715901994,17536.16717058286,28923.6975026731,33271.35195937481,53641.27038490517,82234.94051510014,741.1646861371338,1386.004165422764,4203.264300341917,8034.300129050028,13644.763768465367,21298.55844220979,24101.747131737942,35282.36975293018,49342.31522039767
South Asia,Afghanistan,43844100.0,0.45,0.028359156,0.827768483,73715.51744,138108.46875,352164.84375,646820.125,1168608.75,1859480.0,2112154.25,3022279.0,4201617.5,75737.8740021074,159220.61540106015,385228.4328527953,665012.9931017098,1084504.273694649,1639089.9449251927,1803332.1457305383,2458939.891957598,3298939.6944706645,84751.78702128331,75084.47876808913,327797.87190301664,827476.134129253,1809492.164923028,3412790.65458173,4025485.3403864712,6364463.10785164,9099696.929011654
South Asia,Bangladesh,175687000.0,0.664,0.031187453,0.526423781,33226.32704,27334.4296875,143146.09375,321533.90625,625600.1875,1172328.625,1432192.0,2537606.5,3844177.5,9183.018726075568,10053.509871966964,47980.89168392895,104052.24767674808,193779.09118116487,342125.1923035529,390346.0398583868,602099.1839112827,887054.342902142,32705.525937791823,5405.686149225458,65856.72188077377,225944.4166894792,631057.9222314684,1474055.3333375372,1844595.504452089,3275269.8101109336,5565386.217562235
South Asia,Bhutan,796671.0,0.739,0.036983986,0.377478603,755.34184,1.0009868144989014,923.022705078125,4535.8037109375,13802.62109375,36586.078125,49074.1640625,97168.6484375,139705.515625,686.4030244818717,0.0,993.5717553681644,4574.120320472861,12829.835720941932,29406.14481177627,36123.724140399136,69209.03351365449,123329.30296805016,319.52130532979913,0.0,49.45376566060642,473.1846516720737,2482.2942383675863,8860.15798704783,12641.766528304404,31255.929087287397,71846.8890571081
South Asia,India,1463860000.0,0.671,0.054840527,0.465639973,106617.91744,205036.25,501762.53125,903018.8125,1527591.875,2243826.25,2537581.5,3500260.0,4526989.0,35687.08190713171,75767.76800853873,171178.61998470724,286925.8265290028,453613.6062108477,667798.1873190079,748780.1440563868,1029069.149863673,1314015.22089824,31077.97662886524,55277.73693514199,155202.44801820774,303086.4815656744,534341.7937046443,852473.6560122746,967642.6857771294,1367909.998986644,1806552.1806595428
South Asia,Nepal,29554200.0,0.58,0.031950078,0.536868555,35091.44064,38081.421875,172783.6875,427902.6875,837564.875,1355137.875,1515357.75,2119409.0,2786337.75,11166.043644535464,14124.583667720952,59341.18671917603,128207.92547041742,244193.93138109407,419406.8341391477,477899.03283019,705190.5194300836,940995.6296205728,39585.67182726907,8986.325785110246,90281.12836578256,321387.2911543691,864500.3381139782,1987577.708053097,2429732.5619867523,4140639.0822382304,6083361.315612791
South Asia,Pakistan,255220000.0,0.609,0.032975206,0.693926431,172615.49568,342330.875,767696.5,1290661.75,2016799.0,2977423.75,3359112.25,4622005.0,6640260.5,171637.59865773158,363208.8271877031,750073.9937989322,1198476.562027359,1804315.7338457971,2501128.9709169865,2780524.25643982,3691498.2728388594,4491261.889987951,154553.40024088547,246147.937424132,787149.565753768,1619004.540051656,2854345.725373601,4654001.241179192,5389385.052531506,7738394.10283101,9775150.420704784
South Asia,Sri Lanka,23191400.0,0.734,0.04637218,0.518239203,34.92692,2.263040065765381,2.263040065765381,2.263040065765381,2.263040065765381,2.263040065765381,2.263040065765381,2.263040065765381,4.805541515350342,25.04005401226841,0.0,0.0,0.0,0.0,0.0,0.0,0.0,0.0,12.354731569424738,0.0,0.0,0.0,0.0,0.0,0.0,0.0,0.0
Southeast Asia,Brunei,466323.0,1.0,0.023126214,0.382994749,3.677629375,1.020653247833252,1.020653247833252,1.020653247833252,1.020653247833252,1.020653247833252,1.020653247833252,1.020653247833252,202.5355529785156,4.565697041186506,0.0,0.0,0.0,0.0,0.0,0.0,0.0,22.321357394477825,0.7430009387976432,0.0,0.0,0.0,0.0,0.0,0.0,0.0,2.210126251106342
Southeast Asia,Cambodia,14908500.0,0.579,0.052106457,0.561447301,0.038947451171875,1.1269211769104004,1.1269211769104004,1.1269211769104004,1.1269211769104004,1.1269211769104004,1.1269211769104004,1.1269211769104004,1.1269211769104004,0.0036408460006235,0.0,0.0,0.0,0.0,0.0,0.0,0.0,0.0,0.0019734162059588,0.0,0.0,0.0,0.0,0.0,0.0,0.0,0.0
Southeast Asia,Indonesia,285721000.0,0.737,0.051032968,0.46813555,47846.34368,78570.78125,175981.515625,311934.625,540056.0625,917336.0,1097030.625,1851924.25,2949992.75,35192.56101784605,66856.9914632114,143525.1235920117,237304.3186045976,368254.0706249925,577039.1361162729,664411.3282174015,986511.8536983852,1424638.6312534143,14610.53802233289,21717.411322808563,60071.32376822404,119716.8877417758,218611.2350442877,399155.6218424948,482553.2689271995,789683.1517014884,1210521.298033821
Southeast Asia,Laos,7873000.0,0.659,0.051392407,0.535253967,380.8634,228.3549346923828,2021.1234130859373,5043.3564453125,9469.8837890625,14793.84765625,16781.1015625,23647.560546875,31628.1171875,239.02845519772345,17.292759065803505,1239.2884109031334,3017.5078176859106,5860.327990026408,9803.05216654498,11118.94810573437,17011.127164384412,24593.416828512465,78.94180472496865,15.137004889681071,229.3843834612584,754.0516418355147,1780.3129618736557,3395.2666987395096,4064.167276448843,6856.72819800532,11555.04713936833
Southeast Asia,Malaysia,35977800.0,0.87,0.029766037,0.418927659,158.4901,1.0117793083190918,1.0117793083190918,218.07081604003903,1350.8447265625,4549.15185546875,5941.5224609375,15439.9189453125,29295.291015625,145.63116102330537,0.0,0.0,28.580115104456663,1615.5776272517344,4660.939841133103,6193.356293887798,15532.537603510003,31938.842204275425,64.19121448719561,0.0,0.0,4.94730915159423,69.24601149081553,422.02937543534085,644.8200354237428,2526.992394848374,9324.558508591506
Southeast Asia,Myanmar,54850600.0,0.586,0.035106733,0.46209425,9550.50368,17326.05078125,46255.671875,86484.8046875,144955.109375,238963.25,278707.375,446660.875,665723.75,4444.708135202126,8814.63748053872,22360.86150882296,40121.64059873352,67618.09026873439,106286.6832427942,119474.38541103524,176824.20211913576,258681.24782525928,4856.027038830634,3303.7665840770524,14147.998270394508,35509.84325647468,81032.2878635239,160329.1793630971,202618.2158962159,367159.0312565162,675013.1195809388
Southeast Asia,Philippines,116670000.0,0.694,0.041816497,0.500600273,48724.38784,90604.328125,209579.109375,377215.34375,659942.6875,1098714.625,1276502.125,1895045.625,2686469.25,18986.179036550075,36981.20478892281,83876.71912206964,138731.9971081493,222617.4085883626,350577.9910609159,403222.4302309063,587731.1925363039,816132.110942568,24282.551812001675,28675.76629170977,97017.6853571842,204870.9705329728,425573.5074680262,817386.1673246195,945199.1943064068,1630697.42048199,2508714.640579068
Southeast Asia,Singapore,5868090.0,1.0,0.034375951,0.339448002,0.9997565625,2.0830743312835693,2.0830743312835693,2.0830743312835693,2.0830743312835693,2.0830743312835693,2.0830743312835693,2.0830743312835693,2.0830743312835693,1.258932184700144,0.0,0.0,0.0,0.0,0.0,0.0,0.0,0.0,0.2150736942640238,0.0,0.0,0.0,0.0,0.0,0.0,0.0,0.0
Southeast Asia,Thailand,71619800.0,0.802,0.07348378,0.430865649,434.62588,24.298158645629883,1447.4501953125,4944.46533203125,10349.8974609375,18445.453125,21934.736328125,35291.53125,52955.15625,156.45713394754688,0.0,538.6771342248728,1682.9573133429512,3630.003930120029,6721.960803345489,7793.581633003503,13319.576866941448,21310.118018856014,93.87678807193208,0.0,293.63434179977423,934.7166636560776,2091.300906672184,3968.528926914797,4667.35854202578,8043.87579629012,12858.723360826982
Southeast Asia,Timor Leste,1381590.0,0.604,0.030770404,0.637629138,612.75016,128.27137756347656,1609.4385986328125,4825.87353515625,11704.37109375,24762.490234375,30779.501953125,55783.45703125,95582.5703125,327.6117235559361,4.197251261993747,1007.6211931407712,2902.350581499194,6498.027368567816,12570.882595061465,16044.845598783731,28051.057216290432,45320.436377588645,272.9049655595508,1.6189535464261442,92.6489967743792,495.9404814489191,1904.6842131418043,5767.037830961119,8408.347256673607,20282.360121918617,46787.67619278277
Southeast Asia,Vietnam,101598000.0,0.729,0.041593513,0.47647651,2027.18256,1.0006144046783447,2923.674072265625,12874.4951171875,32430.81640625,70545.8984375,89470.921875,165328.578125,325157.5625,1422.3219536399322,0.0,2725.622443831468,11213.174749639187,26664.933950973,56644.51925871581,70705.3118387772,127336.94959083076,204812.76327987816,972.8197493607424,0.0,251.29830626651537,1998.058778710956,7038.683695764671,20830.87230827038,29648.970301609777,73850.02418726966,157179.45215917856
